center_number,last_4_digits,points,is_nssac,subject_count
105,21,14,0,6
102,5,14,0,6
1967,100,14,0,6
1967,108,6,0,6
1988,2,23,0,6
1988,3,12,0,6
1967,115,15,0,6
1967,122,15,0,6
1967,130,13,0,6
1967,131,22,0,6
1988,24,30,0,6
1988,25,15,0,6
1988,26,12,0,6
1988,27,11,0,6
1969,4,9,0,6
1969,10,14,0,6
1969,11,17,0,6
1969,18,11,0,6
1969,27,15,0,6
1993,12,30,0,6
1993,13,14,0,6
1969,34,15,0,6
1993,18,27,0,6
2007,3,18,0,6
2007,4,20,0,6
2007,8,16,0,6
2007,11,11,0,6
2007,12,15,0,6
2007,13,12,0,6
2007,20,14,0,6
2007,23,11,0,6
2007,24,22,0,6
2007,27,26,0,6
2007,29,26,0,6
2007,31,22,0,6
2007,35,19,0,6
2007,36,12,0,6
2007,38,24,0,6
2007,39,23,0,6
2007,41,19,0,6
2007,44,11,0,6
2007,47,21,0,6
2007,53,23,0,6
2007,55,15,0,6
2007,57,12,0,6
2007,60,25,0,6
2007,61,18,0,6
2007,62,16,0,6
2007,63,14,0,6
2007,64,25,0,6
2007,65,17,0,6
2007,66,20,0,6
2007,67,22,0,6
2007,70,24,0,6
2007,77,21,0,6
2007,78,13,0,6
2007,82,20,0,6
2007,83,21,0,6
2007,86,10,0,6
2007,87,17,0,6
2007,90,15,0,6
2007,92,14,0,6
2007,100,13,0,6
2007,102,26,0,6
2007,103,20,0,6
2007,108,32,0,6
2007,109,27,0,6
2007,111,28,0,6
2007,112,15,0,6
2007,113,34,0,6
2007,117,16,0,6
2007,118,14,0,6
2007,120,17,0,6
2007,121,28,0,6
2007,122,13,0,6
2014,3,34,0,6
2014,5,15,0,6
2014,6,15,0,6
2014,8,15,0,6
2014,12,28,0,6
1999,80,30,0,6
2022,8,22,0,6
2029,124,28,0,6
2029,125,19,0,6
2022,11,8,0,6
2022,12,23,0,6
2029,128,14,0,6
2022,22,26,0,6
2029,134,28,0,6
2022,28,11,0,6
2029,144,13,0,6
2022,36,13,0,6
2022,37,16,0,6
2022,48,30,0,6
2029,2,15,0,6
2029,4,29,0,6
2029,24,28,0,6
2029,26,16,0,6
2029,28,16,0,6
2029,30,27,0,6
2101,4,29,0,6
2101,10,10,0,6
2029,46,10,0,6
2101,17,28,0,6
2029,53,19,0,6
2101,31,12,0,6
2101,32,9,0,6
2029,72,26,0,6
2102,15,20,0,6
2029,76,20,0,6
2102,21,12,0,6
2029,79,22,0,6
2102,24,14,0,6
2102,25,10,0,6
2029,86,35,0,6
2103,15,12,0,6
2103,28,10,0,6
2106,2,9,0,6
2106,3,11,0,6
2106,4,18,0,6
2105,11,28,0,6
2105,13,32,0,6
2106,14,17,0,6
2105,19,29,0,6
2105,22,33,0,6
2105,23,34,0,6
2106,27,12,0,6
2105,31,28,0,6
2106,31,20,0,6
2105,36,27,0,6
2106,33,24,0,6
2105,38,34,0,6
2105,45,41,0,6
2106,44,26,0,6
2105,50,28,0,6
2106,46,9,0,6
2107,5,15,0,6
2107,22,12,0,6
2107,24,17,0,6
2107,26,25,0,6
2105,93,37,0,6
2105,94,25,0,6
2108,29,12,0,6
2108,38,10,0,6
2108,40,15,0,6
2108,46,28,0,6
2108,82,7,0,6
2108,88,18,0,6
2108,89,24,0,6
2108,91,31,0,6
2108,98,23,0,6
2108,104,13,0,6
2108,105,18,0,6
2110,1,26,0,6
2105,178,17,0,6
2110,15,37,0,6
2112,191,7,0,6
2112,5,27,0,6
2112,195,17,0,6
2112,8,34,0,6
2112,9,21,0,6
2112,14,18,0,6
2112,16,9,0,6
2112,18,10,0,6
2112,20,35,0,6
2114,10,21,0,6
2112,26,13,0,6
2114,17,11,0,6
2112,31,21,0,6
2114,21,25,0,6
2112,36,14,0,6
2112,39,26,0,6
2112,42,28,0,6
2112,48,26,0,6
2112,49,25,0,6
2114,42,14,0,6
2112,58,23,0,6
2112,78,31,0,6
2112,83,37,0,6
2112,91,19,0,6
2114,73,14,0,6
2112,97,35,0,6
2114,80,21,0,6
2112,107,36,0,6
2114,85,18,0,6
2112,112,21,0,6
2112,117,17,0,6
2112,124,24,0,6
2112,146,14,0,6
2114,114,19,0,6
2112,148,24,0,6
2112,157,28,0,6
2112,161,17,0,6
2112,163,37,0,6
2114,130,16,0,6
2112,179,24,0,6
2119,1,16,0,6
2114,164,18,0,6
2114,167,25,0,6
2114,169,17,0,6
2114,171,6,0,6
2114,174,16,0,6
2114,176,23,0,6
2119,41,16,0,6
2119,43,17,0,6
2119,44,12,0,6
2114,199,11,0,6
2119,51,29,0,6
2114,201,23,0,6
2114,213,22,0,6
2119,64,15,0,6
2114,216,23,0,6
2119,66,18,0,6
2114,218,18,0,6
2119,68,13,0,6
2114,223,24,0,6
2119,73,22,0,6
2114,227,17,0,6
2119,76,16,0,6
2114,233,19,0,6
2119,81,9,0,6
2114,235,23,0,6
2119,83,18,0,6
2114,237,15,0,6
2114,243,17,0,6
2121,3,24,0,6
2121,7,23,0,6
2114,258,11,0,6
2114,260,9,0,6
2114,262,14,0,6
2114,264,27,0,6
2114,266,15,0,6
2114,269,24,0,6
2114,272,24,0,6
2114,274,27,0,6
2121,28,19,0,6
2114,276,20,0,6
2121,30,10,0,6
2114,278,16,0,6
2114,280,19,0,6
2121,38,18,0,6
2115,13,21,0,6
2115,14,24,0,6
2118,4,27,0,6
2118,10,16,0,6
2118,12,19,0,6
2118,14,36,0,6
2118,15,20,0,6
2122,8,22,0,6
2122,215,16,0,6
2122,217,12,0,6
2122,218,27,0,6
2122,224,25,0,6
2122,225,13,0,6
2122,227,20,0,6
2122,231,31,0,6
2122,33,17,0,6
2122,236,39,0,6
2122,237,16,0,6
2122,240,30,0,6
2122,46,17,0,6
2122,250,29,0,6
2122,252,20,0,6
2122,53,18,0,6
2122,256,19,0,6
2122,259,28,0,6
2122,268,24,0,6
2122,271,27,0,6
2122,273,17,0,6
2122,80,19,0,6
2122,285,23,0,6
2122,287,14,0,6
2122,288,29,0,6
2122,289,29,0,6
2122,291,26,0,6
2122,293,14,0,6
2122,294,32,0,6
2122,296,18,0,6
2122,300,26,0,6
2122,302,18,0,6
2122,111,25,0,6
2122,112,32,0,6
2122,114,22,0,6
2122,117,15,0,6
102,7,19,0,6
105,27,20,0,6
102,13,20,0,6
102,14,11,0,6
102,15,9,0,6
106,4,33,0,6
102,16,28,0,6
102,17,13,0,6
106,6,40,0,6
102,21,23,0,6
106,11,26,0,6
106,13,31,0,6
103,1,22,0,6
103,2,25,0,6
106,15,20,0,6
103,5,8,0,6
106,19,10,0,6
103,7,15,0,6
103,8,19,0,6
103,12,8,0,6
103,14,25,0,6
106,28,24,0,6
103,15,16,0,6
106,31,21,0,6
106,32,12,0,6
103,20,26,0,6
103,23,13,0,6
103,25,17,0,6
103,26,9,0,6
103,30,10,0,6
103,33,15,0,6
103,36,14,0,6
103,38,22,0,6
106,58,20,0,6
103,40,14,0,6
103,41,25,0,6
106,61,14,0,6
103,47,20,0,6
106,67,27,0,6
103,50,25,0,6
103,52,15,0,6
106,72,30,0,6
103,54,18,0,6
106,74,21,0,6
103,55,22,0,6
106,75,22,0,6
106,76,30,0,6
103,57,13,0,6
103,62,24,0,6
103,64,11,0,6
106,86,31,0,6
106,88,29,0,6
103,72,26,0,6
103,82,33,0,6
104,1,17,0,6
108,3,9,0,6
104,2,29,0,6
104,3,7,0,6
108,5,17,0,6
104,4,14,0,6
104,6,23,0,6
104,8,17,0,6
108,10,25,0,6
104,10,10,0,6
108,14,21,0,6
104,15,20,0,6
104,17,12,0,6
104,19,33,0,6
104,21,29,0,6
108,21,24,0,6
104,23,21,0,6
108,25,30,0,6
104,28,4,0,6
104,33,11,0,6
104,36,26,0,6
104,37,22,0,6
109,7,11,0,6
104,40,16,0,6
109,10,12,0,6
104,42,16,0,6
109,12,27,0,6
104,46,16,0,6
104,48,21,0,6
104,50,22,0,6
109,20,29,0,6
104,52,23,0,6
109,22,30,0,6
104,54,8,0,6
104,57,16,0,6
109,28,13,0,6
104,59,23,0,6
109,30,21,0,6
109,31,17,0,6
105,2,22,0,6
105,8,0,0,6
105,10,16,0,6
109,39,33,0,6
105,12,28,0,6
109,41,31,0,6
105,14,18,0,6
105,16,16,0,6
109,45,28,0,6
105,18,19,0,6
109,51,24,0,6
109,52,28,0,6
109,53,14,0,6
109,55,25,0,6
109,60,28,0,6
109,61,37,0,6
112,37,23,0,6
112,39,13,0,6
112,44,20,0,6
112,46,14,0,6
109,73,13,0,6
112,53,10,0,6
112,56,14,0,6
112,57,26,0,6
109,86,26,0,6
109,87,13,0,6
109,89,29,0,6
112,68,12,0,6
112,73,19,0,6
112,76,19,0,6
112,77,19,0,6
112,79,22,0,6
112,86,21,0,6
112,92,34,0,6
109,120,26,0,6
109,121,17,0,6
109,124,22,0,6
112,99,23,0,6
112,100,20,0,6
110,6,13,0,6
110,7,12,0,6
110,9,24,0,6
112,110,29,0,6
112,114,33,0,6
112,118,16,0,6
112,125,22,0,6
110,29,19,0,6
112,134,21,0,6
111,4,30,0,6
111,5,20,0,6
112,140,24,0,6
112,141,26,0,6
111,15,22,0,6
111,23,34,0,6
111,25,38,0,6
114,5,18,0,6
114,7,14,0,6
111,34,11,0,6
114,12,14,0,6
111,39,22,0,6
111,41,24,0,6
111,44,17,0,6
115,2,18,0,6
111,54,18,0,6
111,57,28,0,6
115,9,24,0,6
112,4,18,0,6
115,12,30,0,6
115,15,22,0,6
115,17,26,0,6
112,12,19,0,6
112,15,9,0,6
112,20,17,0,6
115,33,29,0,6
120,46,15,0,6
120,50,35,0,6
115,41,22,0,6
115,42,23,0,6
120,54,26,0,6
115,49,30,0,6
120,61,13,0,6
120,62,21,0,6
115,53,23,0,6
115,54,14,0,6
120,64,16,0,6
120,68,19,0,6
120,69,16,0,6
120,73,10,0,6
120,78,22,0,6
120,80,21,0,6
120,86,20,0,6
120,90,20,0,6
120,94,20,0,6
120,99,20,0,6
120,103,26,0,6
120,104,22,0,6
120,105,30,0,6
120,108,21,0,6
120,110,19,0,6
120,113,28,0,6
120,114,18,0,6
120,121,14,0,6
120,122,19,0,6
120,124,22,0,6
120,126,13,0,6
120,128,15,0,6
120,132,26,0,6
120,134,20,0,6
120,138,33,0,6
120,141,32,0,6
120,145,14,0,6
120,147,21,0,6
120,148,21,0,6
120,153,17,0,6
120,154,22,0,6
120,155,24,0,6
120,156,17,0,6
120,159,16,0,6
120,162,31,0,6
120,163,19,0,6
120,164,27,0,6
120,165,21,0,6
120,171,21,0,6
120,172,22,0,6
120,173,12,0,6
120,177,26,0,6
120,179,18,0,6
120,183,18,0,6
120,185,28,0,6
120,189,25,0,6
120,190,22,0,6
120,192,14,0,6
120,193,14,0,6
303,69,17,0,6
303,70,26,0,6
303,71,6,0,6
303,73,8,0,6
303,74,12,0,6
303,75,19,0,6
303,76,13,0,6
303,78,24,0,6
303,79,18,0,6
303,81,16,0,6
120,226,21,0,6
120,228,20,0,6
304,6,21,0,6
304,11,8,0,6
304,16,10,0,6
124,8,19,0,6
304,26,3,0,6
304,30,10,0,6
304,32,6,0,6
124,24,32,0,6
124,30,29,0,6
304,42,19,0,6
304,44,16,0,6
124,40,26,0,6
304,49,12,0,6
304,50,16,0,6
304,52,11,0,6
304,54,16,0,6
124,53,23,0,6
304,61,9,0,6
124,56,19,0,6
124,57,21,0,6
304,69,17,0,6
304,70,5,0,6
304,72,12,0,6
124,70,12,0,6
304,75,11,0,6
124,72,27,0,6
124,73,27,0,6
303,9,34,0,6
305,6,33,0,6
303,11,19,0,6
303,13,10,0,6
305,11,28,0,6
305,12,24,0,6
303,20,16,0,6
303,21,27,0,6
303,22,17,0,6
303,23,15,0,6
305,19,23,0,6
305,20,28,0,6
303,25,19,0,6
305,21,17,0,6
303,26,30,0,6
305,22,26,0,6
305,23,25,0,6
305,24,18,0,6
303,31,12,0,6
305,30,32,0,6
305,32,28,0,6
303,35,25,0,6
303,38,11,0,6
303,39,21,0,6
305,39,29,0,6
303,42,25,0,6
305,42,23,0,6
303,43,23,0,6
305,43,20,0,6
303,44,12,0,6
305,44,27,0,6
303,45,27,0,6
305,45,28,0,6
305,49,25,0,6
305,50,13,0,6
305,54,28,0,6
306,20,18,0,6
305,58,17,0,6
305,59,19,0,6
305,61,23,0,6
306,24,8,0,6
306,25,18,0,6
305,66,22,0,6
306,28,31,0,6
306,29,21,0,6
305,69,30,0,6
305,79,21,0,6
307,3,31,0,6
305,83,14,0,6
307,9,14,0,6
305,86,16,0,6
305,87,26,0,6
305,92,23,0,6
307,17,20,0,6
305,96,23,0,6
305,98,25,0,6
305,100,27,0,6
305,116,17,0,6
305,121,21,0,6
305,122,43,0,6
305,133,20,0,6
308,2,10,0,6
305,146,24,0,6
308,11,20,0,6
308,12,19,0,6
305,150,14,0,6
308,15,17,0,6
308,16,13,0,6
308,19,38,0,6
305,157,22,0,6
305,158,21,0,6
305,159,14,0,6
308,23,12,0,6
305,161,33,0,6
308,25,24,0,6
305,163,22,0,6
305,164,28,0,6
308,35,16,0,6
308,38,25,0,6
308,40,22,0,6
308,43,28,0,6
308,44,32,0,6
308,50,20,0,6
308,64,14,0,6
305,209,34,0,6
308,70,39,0,6
308,71,26,0,6
305,212,13,0,6
305,213,24,0,6
305,215,18,0,6
305,216,16,0,6
306,8,19,0,6
308,94,19,0,6
308,95,26,0,6
308,101,25,0,6
309,64,23,0,6
309,68,17,0,6
309,70,22,0,6
308,117,14,0,6
309,79,16,0,6
308,121,20,0,6
308,122,23,0,6
309,82,19,0,6
308,135,25,0,6
308,136,12,0,6
308,139,36,0,6
308,140,21,0,6
308,141,0,0,6
308,146,24,0,6
309,105,14,0,6
309,113,28,0,6
309,115,15,0,6
308,165,20,0,6
308,166,9,0,6
308,176,9,0,6
309,135,20,0,6
308,184,18,0,6
309,147,22,0,6
308,194,24,0,6
308,199,16,0,6
308,201,26,0,6
308,202,4,0,6
309,159,32,0,6
308,207,12,0,6
309,163,17,0,6
309,167,4,0,6
308,215,16,0,6
309,172,19,0,6
308,219,24,0,6
308,220,25,0,6
308,224,25,0,6
308,226,23,0,6
309,193,19,0,6
309,195,9,0,6
309,197,10,0,6
309,15,25,0,6
309,202,12,0,6
309,23,4,0,6
309,218,11,0,6
309,38,15,0,6
309,43,21,0,6
309,55,18,0,6
309,246,17,0,6
309,250,17,0,6
312,100,36,0,6
309,253,15,0,6
312,107,36,0,6
309,260,15,0,6
309,272,14,0,6
309,275,13,0,6
312,125,26,0,6
310,8,29,0,6
310,10,11,0,6
312,137,22,0,6
310,16,16,0,6
310,20,17,0,6
312,147,23,0,6
312,150,17,0,6
312,153,17,0,6
312,154,20,0,6
312,156,13,0,6
311,2,34,0,6
311,6,6,0,6
312,164,7,0,6
312,165,21,0,6
312,169,23,0,6
311,17,6,0,6
312,1,31,0,6
312,2,10,0,6
312,175,27,0,6
312,182,25,0,6
312,10,21,0,6
312,21,8,0,6
312,195,13,0,6
312,197,10,0,6
312,198,16,0,6
312,34,23,0,6
312,207,13,0,6
312,208,16,0,6
312,209,27,0,6
312,41,20,0,6
312,216,13,0,6
312,218,11,0,6
312,48,12,0,6
312,55,6,0,6
312,226,18,0,6
312,228,11,0,6
312,79,0,0,6
312,90,13,0,6
501,79,28,0,6
312,281,0,0,6
312,284,19,0,6
501,106,16,0,6
313,9,17,0,6
501,112,40,0,6
313,13,8,0,6
501,119,23,0,6
313,25,8,0,6
501,132,26,0,6
501,138,30,0,6
501,146,27,0,6
501,149,18,0,6
313,50,13,0,6
501,162,25,0,6
313,62,26,0,6
313,69,4,0,6
501,171,21,0,6
501,176,20,0,6
313,82,7,0,6
501,192,31,0,6
501,194,21,0,6
501,203,34,0,6
501,11,22,0,6
501,207,28,0,6
501,28,19,0,6
501,224,16,0,6
501,225,14,0,6
501,41,35,0,6
501,233,16,0,6
501,53,18,0,6
501,59,34,0,6
502,17,22,0,6
501,69,32,0,6
501,74,40,0,6
501,77,15,0,6
503,37,31,0,6
503,43,13,0,6
503,48,19,0,6
502,41,27,0,6
503,51,16,0,6
503,60,27,0,6
502,52,29,0,6
503,65,11,0,6
502,55,23,0,6
502,56,24,0,6
503,71,25,0,6
503,72,14,0,6
503,73,15,0,6
502,65,37,0,6
502,77,18,0,6
503,93,17,0,6
502,80,16,0,6
502,86,20,0,6
503,105,23,0,6
502,99,19,0,6
502,101,20,0,6
502,111,35,0,6
503,131,18,0,6
503,132,19,0,6
502,119,24,0,6
503,142,9,0,6
502,134,26,0,6
503,155,24,0,6
502,136,29,0,6
502,139,35,0,6
502,142,23,0,6
502,145,15,0,6
504,4,22,0,6
502,154,19,0,6
504,7,33,0,6
502,157,23,0,6
504,12,30,0,6
504,18,25,0,6
503,2,11,0,6
504,26,10,0,6
504,29,24,0,6
504,31,29,0,6
503,14,17,0,6
505,6,28,0,6
505,7,26,0,6
505,9,29,0,6
503,21,22,0,6
503,25,20,0,6
503,31,20,0,6
503,32,3,0,6
506,95,25,0,6
505,38,32,0,6
505,41,24,0,6
505,42,19,0,6
505,51,23,0,6
505,52,20,0,6
506,109,10,0,6
505,56,18,0,6
505,60,18,0,6
506,115,18,0,6
505,64,23,0,6
506,120,23,0,6
505,71,26,0,6
505,72,34,0,6
506,125,34,0,6
506,126,22,0,6
505,79,36,0,6
505,89,18,0,6
505,95,24,0,6
505,99,25,0,6
506,143,27,0,6
505,105,21,0,6
506,149,8,0,6
506,157,21,0,6
506,163,22,0,6
506,166,24,0,6
506,172,33,0,6
506,174,27,0,6
506,177,35,0,6
506,179,17,0,6
506,180,7,0,6
506,183,35,0,6
506,186,20,0,6
506,189,27,0,6
506,193,10,0,6
507,2,10,0,6
506,50,26,0,6
507,14,9,0,6
507,16,13,0,6
506,60,28,0,6
507,23,14,0,6
507,24,10,0,6
506,67,17,0,6
506,69,14,0,6
507,39,17,0,6
506,88,21,0,6
507,52,14,0,6
507,58,13,0,6
508,101,7,0,6
507,60,9,0,6
508,103,27,0,6
508,106,14,0,6
508,108,15,0,6
508,115,9,0,6
508,116,18,0,6
507,79,22,0,6
507,82,34,0,6
508,125,26,0,6
507,86,7,0,6
508,127,30,0,6
507,88,10,0,6
508,129,14,0,6
507,90,21,0,6
508,132,11,0,6
508,133,19,0,6
507,104,13,0,6
508,142,18,0,6
508,145,17,0,6
508,146,16,0,6
507,115,18,0,6
507,116,25,0,6
508,152,24,0,6
508,2,15,0,6
508,4,8,0,6
508,6,6,0,6
508,8,19,0,6
508,10,26,0,6
508,163,10,0,6
508,12,14,0,6
508,165,9,0,6
508,14,7,0,6
508,16,22,0,6
508,18,3,0,6
508,20,23,0,6
508,22,11,0,6
508,24,28,0,6
508,26,30,0,6
508,28,9,0,6
508,181,26,0,6
508,30,27,0,6
508,183,12,0,6
508,32,10,0,6
508,34,17,0,6
508,36,10,0,6
508,189,18,0,6
508,38,32,0,6
508,40,7,0,6
508,193,20,0,6
508,42,0,0,6
508,195,8,0,6
508,44,8,0,6
508,46,9,0,6
508,199,8,0,6
508,48,22,0,6
508,50,13,0,6
508,52,19,0,6
508,54,23,0,6
508,56,9,0,6
508,58,21,0,6
508,211,11,0,6
508,60,9,0,6
508,213,20,0,6
508,62,16,0,6
508,64,8,0,6
508,66,7,0,6
508,68,12,0,6
508,221,7,0,6
508,70,17,0,6
508,223,9,0,6
508,72,15,0,6
508,74,3,0,6
508,227,15,0,6
508,76,22,0,6
508,229,25,0,6
508,78,22,0,6
508,80,0,0,6
508,82,5,0,6
508,235,24,0,6
508,84,12,0,6
508,86,17,0,6
508,88,5,0,6
508,242,29,0,6
508,90,8,0,6
508,244,9,0,6
508,92,4,0,6
508,246,12,0,6
508,94,12,0,6
508,96,12,0,6
508,251,9,0,6
509,8,29,0,6
510,3,19,0,6
510,14,20,0,6
510,15,10,0,6
510,23,15,0,6
509,33,25,0,6
510,35,29,0,6
510,40,23,0,6
510,42,20,0,6
509,44,27,0,6
510,58,23,0,6
509,62,37,0,6
509,64,25,0,6
510,75,17,0,6
509,70,17,0,6
510,92,16,0,6
510,97,19,0,6
509,85,20,0,6
509,86,27,0,6
509,90,25,0,6
509,102,31,0,6
510,130,17,0,6
509,112,38,0,6
510,137,14,0,6
509,115,28,0,6
509,119,31,0,6
509,121,26,0,6
509,123,32,0,6
509,125,23,0,6
509,127,31,0,6
509,129,23,0,6
509,131,31,0,6
511,14,22,0,6
509,133,24,0,6
509,135,17,0,6
511,18,18,0,6
509,137,41,0,6
509,139,36,0,6
509,141,34,0,6
509,143,28,0,6
509,145,35,0,6
511,28,13,0,6
511,180,11,0,6
511,185,16,0,6
511,187,34,0,6
511,190,18,0,6
511,192,13,0,6
511,193,10,0,6
511,195,24,0,6
511,196,22,0,6
511,197,13,0,6
511,198,25,0,6
511,199,18,0,6
511,202,22,0,6
511,210,13,0,6
511,212,34,0,6
511,66,14,0,6
511,70,22,0,6
513,13,24,0,6
513,17,15,0,6
511,79,24,0,6
511,81,4,0,6
511,92,11,0,6
511,100,24,0,6
511,106,28,0,6
511,109,15,0,6
513,57,6,0,6
513,58,27,0,6
513,59,14,0,6
511,113,9,0,6
513,64,21,0,6
513,65,4,0,6
511,118,17,0,6
511,125,25,0,6
513,79,30,0,6
511,129,24,0,6
513,89,18,0,6
513,90,12,0,6
511,139,26,0,6
513,93,21,0,6
513,100,13,0,6
511,148,22,0,6
514,18,14,0,6
514,20,15,0,6
511,170,26,0,6
511,174,16,0,6
514,28,15,0,6
514,29,15,0,6
511,178,19,0,6
514,35,7,0,6
517,6,19,0,6
514,37,7,0,6
514,39,3,0,6
517,10,20,0,6
514,41,16,0,6
517,12,13,0,6
517,20,28,0,6
517,22,15,0,6
517,23,29,0,6
517,25,19,0,6
516,6,17,0,6
516,7,25,0,6
517,30,15,0,6
517,34,19,0,6
517,38,11,0,6
516,20,9,0,6
517,41,19,0,6
516,22,14,0,6
517,43,25,0,6
517,44,12,0,6
517,47,13,0,6
516,31,17,0,6
516,32,21,0,6
516,34,12,0,6
517,55,19,0,6
516,38,13,0,6
516,39,19,0,6
516,43,24,0,6
516,49,21,0,6
516,51,22,0,6
516,61,12,0,6
516,70,23,0,6
517,86,10,0,6
517,87,31,0,6
517,89,12,0,6
517,91,30,0,6
517,92,19,0,6
516,85,23,0,6
516,86,28,0,6
516,92,22,0,6
516,96,10,0,6
517,104,21,0,6
516,100,8,0,6
517,107,29,0,6
516,104,31,0,6
516,105,18,0,6
2161,302,13,0,6
2161,303,24,0,6
2161,304,32,0,6
2161,312,23,0,6
2166,94,35,0,6
2162,2,31,0,6
2167,17,23,0,6
2167,29,35,0,6
2167,31,15,0,6
2167,33,11,0,6
2167,37,19,0,6
2167,39,18,0,6
2171,5,10,0,6
2165,33,25,0,6
2165,49,29,0,6
2171,26,16,0,6
2166,4,27,0,6
2171,37,18,0,6
2166,14,22,0,6
2173,11,14,0,6
2166,26,19,0,6
2166,29,19,0,6
2166,30,24,0,6
2173,30,16,0,6
2205,23,20,0,6
2205,25,18,0,6
2173,37,33,0,6
2173,40,23,0,6
2173,43,14,0,6
2209,11,28,0,6
2175,5,14,0,6
2175,8,14,0,6
2303,3,19,0,6
2303,11,18,0,6
2303,13,12,0,6
2303,16,16,0,6
2175,25,11,0,6
2303,31,14,0,6
2175,35,1,0,6
2175,38,23,0,6
2175,40,12,0,6
2303,42,16,0,6
2303,44,19,0,6
2303,45,12,0,6
2175,45,15,0,6
2303,50,15,0,6
2176,8,25,0,6
2176,16,37,0,6
2176,17,32,0,6
2303,72,9,0,6
2303,75,17,0,6
2303,81,30,0,6
2180,4,23,0,6
2180,7,23,0,6
2180,11,22,0,6
2180,12,6,0,6
2308,11,39,0,6
2308,12,30,0,6
2180,18,28,0,6
2180,27,23,0,6
2308,21,37,0,6
2308,25,30,0,6
2180,38,19,0,6
2308,29,36,0,6
2180,46,33,0,6
2308,35,27,0,6
2186,1,19,0,6
2308,42,33,0,6
2186,9,25,0,6
2186,19,17,0,6
2186,23,21,0,6
2309,13,0,0,6
2310,21,14,0,6
2309,16,34,0,6
2310,25,15,0,6
2309,21,8,0,6
2310,31,14,0,6
2310,37,24,0,6
2309,28,33,0,6
2310,42,13,0,6
2309,36,31,0,6
2310,51,21,0,6
2310,52,12,0,6
2310,53,16,0,6
2309,45,13,0,6
2310,64,12,0,6
2310,68,16,0,6
2310,69,14,0,6
2309,56,20,0,6
2310,74,14,0,6
2310,80,14,0,6
2310,81,15,0,6
2309,72,17,0,6
2310,97,19,0,6
2310,100,20,0,6
2309,79,29,0,6
2309,83,16,0,6
2309,85,19,0,6
2310,110,13,0,6
2311,2,17,0,6
2309,101,0,0,6
2309,103,21,0,6
2309,105,13,0,6
2309,107,26,0,6
2309,109,21,0,6
2309,111,19,0,6
2309,113,5,0,6
2311,16,16,0,6
2309,115,26,0,6
2309,117,16,0,6
2309,120,16,0,6
2309,122,19,0,6
2309,124,11,0,6
2309,126,3,0,6
2309,128,33,0,6
2309,130,26,0,6
2311,32,20,0,6
2309,132,25,0,6
2311,34,31,0,6
2309,134,14,0,6
2311,36,12,0,6
2309,136,29,0,6
2309,138,36,0,6
2309,140,28,0,6
2309,142,26,0,6
2309,144,7,0,6
2309,146,32,0,6
2309,148,16,0,6
2310,2,18,0,6
2310,13,24,0,6
2314,19,24,0,6
2311,70,20,0,6
2314,27,13,0,6
2311,79,16,0,6
2314,34,24,0,6
2314,35,24,0,6
2314,42,26,0,6
2314,43,16,0,6
2314,44,18,0,6
2323,5,18,0,6
2313,9,26,0,6
2313,19,19,0,6
2313,24,24,0,6
2323,40,20,0,6
2323,41,27,0,6
2313,44,21,0,6
2324,14,13,0,6
2314,1,15,0,6
2324,24,22,0,6
2345,44,32,0,6
2350,13,19,0,6
2350,15,19,0,6
2350,19,28,0,6
2350,23,20,0,6
2350,33,16,0,6
2350,37,14,0,6
2350,51,23,0,6
2350,58,10,0,6
2357,5,15,0,6
2329,10,27,0,6
2357,12,21,0,6
2357,16,17,0,6
2357,20,19,0,6
2358,6,17,0,6
2358,8,22,0,6
2358,10,15,0,6
2358,11,30,0,6
2358,13,16,0,6
2358,19,20,0,6
2358,23,23,0,6
2358,25,15,0,6
2358,29,22,0,6
2359,1,21,0,6
2359,4,14,0,6
2359,22,28,0,6
2363,6,13,0,6
2363,8,17,0,6
2363,27,19,0,6
2363,39,22,0,6
2345,12,17,0,6
2345,14,15,0,6
2345,18,11,0,6
2345,24,18,0,6
2345,35,12,0,6
2345,39,28,0,6
2363,86,16,0,6
2363,90,25,0,6
2364,7,10,0,6
2364,12,28,0,6
2364,23,23,0,6
2364,30,0,0,6
2364,36,27,0,6
2364,37,21,0,6
2364,43,24,0,6
2369,5,16,0,6
2369,12,26,0,6
2369,15,15,0,6
2369,16,29,0,6
2369,22,28,0,6
2369,28,23,0,6
2369,32,17,0,6
2369,37,20,0,6
2502,67,21,0,6
2502,68,30,0,6
2502,75,17,0,6
2502,77,17,0,6
2502,85,24,0,6
2502,88,30,0,6
2502,98,19,0,6
2502,101,22,0,6
2502,103,19,0,6
2502,104,15,0,6
2502,107,27,0,6
2502,108,12,0,6
2502,110,15,0,6
2502,116,27,0,6
2502,120,21,0,6
2502,124,18,0,6
2502,130,18,0,6
2502,131,20,0,6
2502,136,13,0,6
2502,141,18,0,6
2502,142,30,0,6
2502,145,20,0,6
2502,177,15,0,6
2502,180,24,0,6
2502,182,16,0,6
2502,184,13,0,6
2502,186,31,0,6
2502,188,23,0,6
2502,194,19,0,6
2502,198,18,0,6
2502,2,21,0,6
2502,206,22,0,6
2502,8,10,0,6
2502,9,24,0,6
2502,212,17,0,6
2502,19,24,0,6
2502,230,19,0,6
2502,34,22,0,6
2502,35,14,0,6
2502,36,18,0,6
2502,51,29,0,6
2502,53,18,0,6
2502,54,23,0,6
2502,259,27,0,6
2502,59,22,0,6
2502,264,23,0,6
2503,8,12,0,6
2503,12,20,0,6
2503,16,16,0,6
2503,19,22,0,6
2503,20,24,0,6
2503,24,31,0,6
2503,26,18,0,6
2503,27,18,0,6
2503,31,20,0,6
2503,32,21,0,6
2503,33,17,0,6
2503,34,18,0,6
2503,37,23,0,6
2503,38,16,0,6
2503,41,24,0,6
2503,42,18,0,6
2503,45,24,0,6
2503,49,19,0,6
2502,311,14,0,6
2502,313,27,0,6
2502,314,30,0,6
2515,9,15,0,6
2515,10,31,0,6
2515,11,36,0,6
2502,321,15,0,6
2502,323,19,0,6
2502,328,12,0,6
2502,332,33,0,6
2502,333,18,0,6
2515,29,25,0,6
2515,30,41,0,6
2502,338,13,0,6
2502,339,19,0,6
2502,340,14,0,6
2515,36,14,0,6
2515,38,18,0,6
2515,40,27,0,6
2515,48,23,0,6
2502,359,16,0,6
2515,57,22,0,6
2502,367,26,0,6
2502,374,19,0,6
2502,375,17,0,6
2502,376,19,0,6
2502,377,24,0,6
2502,395,17,0,6
2502,396,11,0,6
2515,87,28,0,6
2515,93,22,0,6
2518,3,12,0,6
2502,410,9,0,6
2518,6,19,0,6
2502,419,28,0,6
2502,420,18,0,6
2518,18,12,0,6
2518,19,21,0,6
2518,20,19,0,6
2518,23,14,0,6
2518,27,17,0,6
2502,444,30,0,6
2502,445,25,0,6
2502,450,18,0,6
2502,451,20,0,6
2518,46,22,0,6
2518,51,12,0,6
2518,53,12,0,6
2518,56,19,0,6
2518,57,19,0,6
2518,60,13,0,6
2518,61,16,0,6
2518,62,21,0,6
2525,59,27,0,6
2518,68,15,0,6
2518,70,9,0,6
2518,72,9,0,6
2518,73,22,0,6
2518,74,29,0,6
2518,76,20,0,6
2518,77,21,0,6
2518,78,24,0,6
2529,11,21,0,6
2529,16,9,0,6
2529,18,25,0,6
2518,89,24,0,6
2529,23,23,0,6
2529,26,25,0,6
2518,100,23,0,6
2529,32,19,0,6
2529,33,23,0,6
2529,37,14,0,6
2529,38,23,0,6
2529,44,11,0,6
2529,46,23,0,6
2529,48,22,0,6
2529,50,19,0,6
2529,52,33,0,6
2518,137,11,0,6
2529,68,21,0,6
2529,72,20,0,6
2529,73,20,0,6
2529,84,20,0,6
2529,85,21,0,6
2529,87,23,0,6
2529,91,18,0,6
2529,97,16,0,6
2522,20,14,0,6
2529,100,14,0,6
2529,101,15,0,6
2529,104,17,0,6
2529,107,24,0,6
2529,109,26,0,6
2529,113,25,0,6
2529,117,23,0,6
2529,119,19,0,6
2529,124,26,0,6
2530,1,16,0,6
2530,5,13,0,6
2530,10,26,0,6
2530,17,15,0,6
2530,20,8,0,6
2530,26,14,0,6
2530,28,19,0,6
2525,25,25,0,6
2530,32,23,0,6
2530,35,13,0,6
2530,36,13,0,6
2530,37,16,0,6
2530,43,15,0,6
2525,41,14,0,6
2530,274,16,0,6
2531,1,19,0,6
2530,75,7,0,6
2530,76,14,0,6
2531,7,28,0,6
2531,26,28,0,6
2530,104,21,0,6
2530,109,23,0,6
2530,110,12,0,6
2530,111,10,0,6
2531,40,28,0,6
2531,42,33,0,6
2531,49,19,0,6
2531,60,16,0,6
2531,70,15,0,6
2531,76,23,0,6
2531,77,24,0,6
2531,82,18,0,6
2531,85,16,0,6
2530,161,26,0,6
2531,91,20,0,6
2531,92,21,0,6
2531,93,26,0,6
2531,94,17,0,6
2531,95,23,0,6
2530,176,9,0,6
2531,104,27,0,6
2531,107,20,0,6
2531,110,31,0,6
2537,1,15,0,6
2537,3,22,0,6
2537,4,31,0,6
2530,200,14,0,6
2530,201,6,0,6
2537,27,27,0,6
2530,224,34,0,6
2537,44,22,0,6
2537,46,16,0,6
2537,50,12,0,6
2537,51,32,0,6
2537,54,30,0,6
2537,56,25,0,6
2537,58,30,0,6
2537,61,13,0,6
2530,250,13,0,6
2541,52,25,0,6
2541,54,12,0,6
2538,13,15,0,6
2538,14,15,0,6
2541,61,16,0,6
2541,62,21,0,6
2541,65,19,0,6
2541,66,23,0,6
2541,69,19,0,6
2541,71,18,0,6
2538,33,12,0,6
2538,34,15,0,6
2541,82,16,0,6
2541,84,15,0,6
2541,90,21,0,6
2541,93,26,0,6
2541,94,22,0,6
2538,53,17,0,6
2538,54,15,0,6
2541,104,14,0,6
2538,61,12,0,6
2541,113,19,0,6
2541,114,22,0,6
2541,121,14,0,6
2541,123,20,0,6
2541,124,18,0,6
2541,128,22,0,6
2541,130,23,0,6
2538,84,13,0,6
2541,137,17,0,6
2541,138,22,0,6
2540,3,20,0,6
2541,147,28,0,6
2540,10,18,0,6
2541,153,25,0,6
2541,155,19,0,6
2541,161,15,0,6
2543,1,20,0,6
2543,2,17,0,6
2543,3,19,0,6
2543,4,12,0,6
2540,30,0,0,6
2543,7,11,0,6
2543,8,11,0,6
2543,9,18,0,6
2543,13,19,0,6
2543,16,18,0,6
2543,18,20,0,6
2540,45,20,0,6
2540,47,31,0,6
2543,22,25,0,6
2540,50,32,0,6
2540,51,26,0,6
2541,6,22,0,6
2543,35,15,0,6
2543,36,15,0,6
2541,14,31,0,6
2543,39,14,0,6
2541,17,23,0,6
2541,18,22,0,6
2544,2,18,0,6
2544,4,22,0,6
2544,6,24,0,6
2544,7,17,0,6
2541,39,35,0,6
2541,42,17,0,6
2544,21,17,0,6
2544,22,20,0,6
2544,23,22,0,6
2545,118,23,0,6
2545,120,25,0,6
2545,125,13,0,6
2545,129,22,0,6
2545,131,13,0,6
2545,138,28,0,6
2545,139,26,0,6
2545,141,35,0,6
2545,143,18,0,6
2545,144,15,0,6
2545,146,31,0,6
2545,148,21,0,6
2545,151,14,0,6
2544,71,16,0,6
2544,72,32,0,6
2544,77,27,0,6
2548,12,22,0,6
2544,81,15,0,6
2544,82,18,0,6
2544,86,24,0,6
2544,88,12,0,6
2544,90,24,0,6
2548,36,21,0,6
2544,104,16,0,6
2544,105,18,0,6
2544,106,19,0,6
2548,48,30,0,6
2545,11,34,0,6
2545,12,26,0,6
2545,15,23,0,6
2545,17,20,0,6
2548,70,21,0,6
2548,71,20,0,6
2548,72,16,0,6
2548,77,23,0,6
2548,80,20,0,6
2548,84,25,0,6
2548,90,16,0,6
2548,92,10,0,6
2548,95,17,0,6
2548,97,19,0,6
2545,49,23,0,6
2545,51,28,0,6
2545,52,27,0,6
2548,109,12,0,6
2548,114,14,0,6
2548,116,11,0,6
2548,118,19,0,6
2550,6,15,0,6
2550,9,25,0,6
2550,11,27,0,6
2550,12,9,0,6
2550,13,15,0,6
2550,14,16,0,6
2550,15,21,0,6
2550,16,22,0,6
2550,25,20,0,6
2545,95,18,0,6
2545,97,23,0,6
2545,102,22,0,6
2545,103,18,0,6
2545,115,12,0,6
2550,51,26,0,6
2550,53,19,0,6
2550,58,26,0,6
2550,62,13,0,6
2550,103,21,0,6
2550,110,18,0,6
2550,114,16,0,6
2550,138,17,0,6
2550,150,16,0,6
2550,172,18,0,6
2550,179,19,0,6
516,107,14,0,6
517,112,20,0,6
517,115,19,0,6
517,121,11,0,6
516,120,26,0,6
517,126,18,0,6
516,129,32,0,6
517,132,14,0,6
517,133,18,0,6
517,136,19,0,6
516,140,21,0,6
516,144,23,0,6
517,147,20,0,6
516,154,16,0,6
520,36,22,0,6
520,42,28,0,6
519,38,7,0,6
520,45,24,0,6
519,44,22,0,6
520,58,24,0,6
519,51,5,0,6
520,63,19,0,6
520,70,18,0,6
519,63,14,0,6
520,77,21,0,6
520,79,20,0,6
519,72,17,0,6
520,87,39,0,6
520,88,33,0,6
520,94,32,0,6
520,96,24,0,6
520,109,21,0,6
519,98,9,0,6
519,102,12,0,6
520,128,22,0,6
520,134,17,0,6
520,140,31,0,6
520,141,31,0,6
519,116,5,0,6
519,118,11,0,6
519,131,26,0,6
519,133,14,0,6
519,138,24,0,6
521,26,25,0,6
519,143,3,0,6
519,150,10,0,6
520,3,28,0,6
520,13,32,0,6
521,58,29,0,6
521,59,16,0,6
520,17,18,0,6
520,18,16,0,6
521,63,15,0,6
521,69,22,0,6
521,70,22,0,6
521,72,27,0,6
524,55,24,0,6
521,80,17,0,6
521,90,33,0,6
521,91,37,0,6
524,74,24,0,6
521,104,14,0,6
521,106,15,0,6
524,79,32,0,6
521,108,30,0,6
524,81,33,0,6
521,116,29,0,6
521,120,21,0,6
524,91,26,0,6
523,1,27,0,6
524,97,30,0,6
523,5,34,0,6
524,100,33,0,6
523,9,33,0,6
523,14,32,0,6
524,107,11,0,6
524,109,21,0,6
523,22,35,0,6
524,112,19,0,6
524,114,15,0,6
523,25,31,0,6
523,26,28,0,6
524,119,26,0,6
523,34,26,0,6
524,125,34,0,6
524,126,26,0,6
523,44,36,0,6
525,1,30,0,6
523,47,36,0,6
525,4,16,0,6
525,13,20,0,6
523,65,37,0,6
523,68,28,0,6
523,71,43,0,6
525,24,27,0,6
524,19,21,0,6
524,37,37,0,6
525,70,24,0,6
524,41,9,0,6
525,77,23,0,6
525,78,25,0,6
524,47,33,0,6
524,49,21,0,6
532,36,29,0,6
532,38,21,0,6
532,39,32,0,6
532,45,36,0,6
525,100,31,0,6
525,103,29,0,6
525,105,33,0,6
525,107,26,0,6
532,53,37,0,6
525,109,29,0,6
532,62,41,0,6
532,66,25,0,6
525,123,26,0,6
525,125,34,0,6
525,127,37,0,6
525,129,36,0,6
525,131,37,0,6
532,77,24,0,6
525,133,41,0,6
532,79,11,0,6
532,90,31,0,6
525,147,15,0,6
525,149,27,0,6
525,151,24,0,6
532,96,22,0,6
525,153,40,0,6
532,100,33,0,6
525,164,31,0,6
532,108,26,0,6
525,166,26,0,6
532,110,36,0,6
525,168,30,0,6
525,174,31,0,6
532,117,25,0,6
532,119,29,0,6
525,183,28,0,6
525,185,24,0,6
525,186,36,0,6
532,128,28,0,6
525,188,30,0,6
525,199,26,0,6
525,201,31,0,6
532,140,28,0,6
525,211,27,0,6
532,149,19,0,6
525,215,18,0,6
532,2,36,0,6
532,4,34,0,6
532,6,27,0,6
532,158,33,0,6
532,8,30,0,6
532,10,33,0,6
532,162,36,0,6
532,12,18,0,6
534,15,29,0,6
534,16,35,0,6
534,22,24,0,6
534,23,25,0,6
534,25,30,0,6
534,32,21,0,6
534,41,15,0,6
534,236,24,0,6
534,52,17,0,6
536,2,27,0,6
536,4,25,0,6
534,61,43,0,6
536,11,11,0,6
534,68,30,0,6
534,69,30,0,6
534,74,30,0,6
534,81,23,0,6
534,82,31,0,6
538,15,16,0,6
534,88,26,0,6
538,17,10,0,6
541,9,17,0,6
534,101,24,0,6
541,12,15,0,6
541,17,19,0,6
534,115,22,0,6
534,117,24,0,6
534,119,37,0,6
534,131,22,0,6
534,136,20,0,6
541,47,21,0,6
541,50,28,0,6
534,147,14,0,6
541,55,14,0,6
534,154,37,0,6
534,161,26,0,6
541,68,26,0,6
541,70,20,0,6
534,168,30,0,6
534,169,33,0,6
541,81,24,0,6
541,82,17,0,6
541,83,28,0,6
541,87,14,0,6
541,92,17,0,6
534,187,38,0,6
534,191,35,0,6
534,192,40,0,6
543,1,24,0,6
534,197,26,0,6
534,204,25,0,6
534,205,36,0,6
543,11,24,0,6
534,210,33,0,6
534,214,24,0,6
543,21,35,0,6
543,22,28,0,6
543,28,25,0,6
543,31,27,0,6
543,35,19,0,6
546,115,5,0,6
546,118,16,0,6
543,44,24,0,6
546,121,14,0,6
546,125,31,0,6
543,51,32,0,6
543,55,15,0,6
546,142,7,0,6
545,13,29,0,6
545,15,15,0,6
546,155,16,0,6
546,161,25,0,6
545,29,18,0,6
546,168,10,0,6
547,5,19,0,6
545,44,23,0,6
545,45,35,0,6
547,8,30,0,6
545,48,21,0,6
547,10,21,0,6
545,53,12,0,6
545,55,19,0,6
547,18,11,0,6
547,19,20,0,6
545,63,23,0,6
547,24,27,0,6
547,25,15,0,6
547,32,27,0,6
546,15,13,0,6
546,16,12,0,6
547,35,19,0,6
547,36,19,0,6
546,20,0,0,6
547,39,7,0,6
546,24,10,0,6
546,30,21,0,6
546,38,32,0,6
546,41,28,0,6
546,42,25,0,6
547,55,22,0,6
546,49,5,0,6
547,63,6,0,6
547,66,21,0,6
546,57,27,0,6
546,58,15,0,6
547,68,28,0,6
547,69,27,0,6
547,72,17,0,6
546,66,30,0,6
546,67,19,0,6
546,72,25,0,6
548,10,23,0,6
546,80,17,0,6
546,83,20,0,6
546,84,32,0,6
552,1,17,0,6
546,86,26,0,6
552,6,32,0,6
546,91,25,0,6
553,132,16,0,6
553,133,14,0,6
553,139,13,0,6
553,140,10,0,6
553,143,11,0,6
553,146,6,0,6
557,9,13,0,6
553,10,10,0,6
557,26,17,0,6
557,27,14,0,6
557,36,20,0,6
557,37,22,0,6
553,26,17,0,6
557,71,18,0,6
557,73,21,0,6
557,74,22,0,6
557,75,26,0,6
558,3,11,0,6
553,62,19,0,6
558,27,15,0,6
553,81,21,0,6
553,85,13,0,6
558,38,25,0,6
558,44,32,0,6
558,45,27,0,6
558,54,25,0,6
558,55,27,0,6
558,60,28,0,6
558,69,10,0,6
558,84,21,0,6
553,124,27,0,6
553,127,13,0,6
702,6,25,0,6
702,9,10,0,6
559,14,11,0,6
559,15,23,0,6
702,18,28,0,6
702,27,28,0,6
559,34,8,0,6
702,31,22,0,6
702,33,15,0,6
559,42,17,0,6
559,46,19,0,6
702,42,19,0,6
702,43,20,0,6
559,53,19,0,6
702,51,24,0,6
559,61,20,0,6
702,55,20,0,6
559,64,15,0,6
559,65,2,0,6
702,60,16,0,6
559,69,36,0,6
703,2,19,0,6
703,4,27,0,6
559,73,15,0,6
559,74,24,0,6
703,7,15,0,6
559,77,11,0,6
559,83,10,0,6
703,16,14,0,6
559,90,33,0,6
559,92,19,0,6
559,101,8,0,6
703,31,30,0,6
703,46,13,0,6
562,5,30,0,6
703,55,22,0,6
703,61,19,0,6
562,11,32,0,6
562,13,8,0,6
703,67,20,0,6
562,19,25,0,6
703,72,14,0,6
563,4,24,0,6
563,6,10,0,6
703,81,13,0,6
563,8,21,0,6
703,89,7,0,6
703,90,20,0,6
563,16,9,0,6
703,94,10,0,6
563,22,13,0,6
703,103,14,0,6
703,106,16,0,6
563,38,13,0,6
703,119,23,0,6
703,122,24,0,6
703,124,14,0,6
703,129,18,0,6
704,75,28,0,6
704,81,25,0,6
703,138,14,0,6
703,139,23,0,6
703,145,18,0,6
704,89,28,0,6
704,95,20,0,6
703,158,17,0,6
703,161,17,0,6
703,165,26,0,6
703,166,30,0,6
703,168,15,0,6
704,107,20,0,6
703,170,10,0,6
703,172,28,0,6
703,174,20,0,6
703,184,20,0,6
704,124,11,0,6
703,190,11,0,6
703,191,21,0,6
704,128,20,0,6
703,195,8,0,6
703,197,24,0,6
705,5,18,0,6
705,8,32,0,6
705,9,46,0,6
705,10,23,0,6
705,11,32,0,6
705,12,30,0,6
705,16,23,0,6
706,1,17,0,6
703,220,25,0,6
703,222,31,0,6
704,1,12,0,6
704,10,35,0,6
706,19,17,0,6
706,21,18,0,6
706,22,7,0,6
704,17,11,0,6
704,21,32,0,6
704,25,28,0,6
706,46,19,0,6
706,49,13,0,6
706,52,17,0,6
706,59,21,0,6
706,61,15,0,6
704,44,33,0,6
704,53,22,0,6
706,77,12,0,6
704,59,12,0,6
704,67,22,0,6
706,113,30,0,6
706,114,9,0,6
708,78,21,0,6
706,124,18,0,6
706,125,20,0,6
708,84,16,0,6
708,87,19,0,6
706,135,24,0,6
708,89,19,0,6
708,95,9,0,6
706,146,16,0,6
706,147,17,0,6
706,152,19,0,6
708,103,19,0,6
706,157,17,0,6
706,160,0,0,6
708,111,23,0,6
708,112,15,0,6
708,114,24,0,6
706,168,8,0,6
708,117,16,0,6
708,118,22,0,6
707,3,22,0,6
707,5,6,0,6
707,7,13,0,6
707,9,8,0,6
707,11,25,0,6
708,14,23,0,6
708,22,19,0,6
708,24,7,0,6
708,30,13,0,6
708,32,14,0,6
708,39,14,0,6
708,43,19,0,6
708,45,16,0,6
708,47,23,0,6
708,54,20,0,6
712,80,29,0,6
712,81,16,0,6
712,87,20,0,6
712,92,25,0,6
711,3,10,0,6
711,4,4,0,6
712,103,33,0,6
711,12,16,0,6
712,109,38,0,6
711,15,18,0,6
711,16,17,0,6
712,115,24,0,6
712,117,26,0,6
711,28,17,0,6
712,124,27,0,6
711,33,6,0,6
711,43,8,0,6
712,138,21,0,6
711,51,15,0,6
712,143,25,0,6
711,57,24,0,6
712,147,27,0,6
712,148,28,0,6
712,149,19,0,6
711,65,15,0,6
712,4,27,0,6
712,18,7,0,6
712,22,15,0,6
712,28,23,0,6
712,40,26,0,6
712,56,31,0,6
712,64,21,0,6
712,66,29,0,6
712,68,20,0,6
902,120,25,0,6
902,129,31,0,6
901,28,28,0,6
902,141,20,0,6
902,142,21,0,6
901,34,6,0,6
901,35,20,0,6
902,150,18,0,6
901,47,7,0,6
902,158,19,0,6
901,56,19,0,6
901,59,11,0,6
901,62,20,0,6
901,79,20,0,6
902,194,26,0,6
902,1,21,0,6
902,200,20,0,6
902,10,21,0,6
902,12,20,0,6
903,6,13,0,6
903,12,24,0,6
903,13,25,0,6
902,27,27,0,6
903,18,17,0,6
903,21,15,0,6
903,22,14,0,6
902,38,34,0,6
903,29,21,0,6
902,49,28,0,6
903,36,34,0,6
902,51,17,0,6
902,52,25,0,6
902,53,27,0,6
902,54,9,0,6
903,42,27,0,6
902,62,25,0,6
903,52,16,0,6
903,57,11,0,6
903,65,11,0,6
903,67,12,0,6
903,68,28,0,6
903,72,27,0,6
903,76,18,0,6
903,77,31,0,6
903,79,21,0,6
903,82,14,0,6
903,84,13,0,6
902,102,18,0,6
902,104,29,0,6
902,107,19,0,6
902,109,14,0,6
902,114,18,0,6
902,117,21,0,6
902,119,16,0,6
906,57,13,0,6
906,58,16,0,6
904,4,43,0,6
904,6,38,0,6
906,64,19,0,6
904,16,32,0,6
905,1,23,0,6
906,78,20,0,6
905,7,16,0,6
906,82,22,0,6
906,83,23,0,6
905,17,13,0,6
906,90,9,0,6
905,21,17,0,6
905,22,12,0,6
905,23,10,0,6
906,94,23,0,6
905,25,20,0,6
905,26,16,0,6
906,97,12,0,6
905,31,13,0,6
905,33,23,0,6
905,37,10,0,6
906,106,16,0,6
906,107,27,0,6
905,40,13,0,6
905,46,15,0,6
906,115,12,0,6
905,51,19,0,6
906,124,16,0,6
906,125,6,0,6
905,67,22,0,6
906,132,17,0,6
905,73,13,0,6
905,76,6,0,6
906,140,15,0,6
906,142,7,0,6
905,83,25,0,6
905,87,14,0,6
905,93,22,0,6
905,94,22,0,6
906,161,9,0,6
906,163,21,0,6
906,166,4,0,6
906,9,22,0,6
906,11,25,0,6
906,16,18,0,6
906,18,9,0,6
906,21,27,0,6
906,23,20,0,6
906,181,32,0,6
906,184,14,0,6
906,185,18,0,6
906,188,13,0,6
906,192,3,0,6
906,197,12,0,6
906,198,11,0,6
906,203,9,0,6
906,204,20,0,6
906,206,35,0,6
906,207,12,0,6
906,212,9,0,6
908,121,17,0,6
906,220,25,0,6
907,5,17,0,6
907,6,34,0,6
907,8,35,0,6
907,14,34,0,6
907,19,27,0,6
909,31,27,0,6
907,26,23,0,6
909,40,33,0,6
909,43,25,0,6
908,10,13,0,6
909,51,25,0,6
909,58,23,0,6
909,69,29,0,6
909,79,12,0,6
909,83,23,0,6
909,84,17,0,6
908,62,16,0,6
909,118,23,0,6
909,131,24,0,6
909,136,38,0,6
909,137,11,0,6
908,82,13,0,6
909,143,16,0,6
909,146,24,0,6
909,147,32,0,6
908,89,29,0,6
908,93,13,0,6
909,157,18,0,6
908,100,18,0,6
909,168,26,0,6
908,106,8,0,6
908,108,21,0,6
909,179,23,0,6
909,185,23,0,6
908,119,14,0,6
910,6,24,0,6
910,8,19,0,6
911,108,28,0,6
911,117,22,0,6
910,20,21,0,6
910,25,24,0,6
911,129,19,0,6
910,27,24,0,6
910,29,21,0,6
910,31,24,0,6
910,35,15,0,6
910,38,27,0,6
910,54,18,0,6
911,168,19,0,6
912,1,29,0,6
910,60,23,0,6
912,6,22,0,6
912,8,8,0,6
912,14,13,0,6
911,6,28,0,6
911,7,28,0,6
911,8,33,0,6
912,21,18,0,6
912,22,20,0,6
912,23,26,0,6
912,29,20,0,6
912,35,20,0,6
912,37,23,0,6
912,40,17,0,6
912,43,19,0,6
912,44,20,0,6
912,49,32,0,6
912,50,27,0,6
912,63,31,0,6
912,64,18,0,6
912,65,24,0,6
911,48,26,0,6
912,71,33,0,6
911,58,29,0,6
911,59,24,0,6
913,1,14,0,6
913,3,13,0,6
913,8,28,0,6
913,11,28,0,6
913,12,17,0,6
913,19,13,0,6
911,86,27,0,6
913,35,15,0,6
913,37,18,0,6
913,41,28,0,6
913,48,25,0,6
915,63,25,0,6
915,69,22,0,6
913,62,18,0,6
915,78,32,0,6
915,79,23,0,6
913,72,13,0,6
913,77,12,0,6
915,89,26,0,6
915,93,20,0,6
915,102,23,0,6
914,15,15,0,6
914,17,17,0,6
914,18,18,0,6
914,19,15,0,6
915,111,21,0,6
915,122,19,0,6
915,123,29,0,6
915,128,27,0,6
914,49,16,0,6
914,51,18,0,6
914,55,9,0,6
915,153,27,0,6
915,155,30,0,6
915,161,14,0,6
915,171,28,0,6
915,173,25,0,6
915,174,17,0,6
915,191,10,0,6
915,192,18,0,6
915,193,33,0,6
914,95,17,0,6
915,2,30,0,6
915,6,34,0,6
915,7,7,0,6
916,14,15,0,6
915,14,39,0,6
915,15,24,0,6
916,17,26,0,6
915,23,30,0,6
915,31,26,0,6
915,34,14,0,6
915,35,27,0,6
916,35,16,0,6
916,36,12,0,6
915,40,23,0,6
915,41,28,0,6
916,39,25,0,6
915,46,21,0,6
915,47,42,0,6
916,48,25,0,6
915,57,35,0,6
916,57,8,0,6
919,4,19,0,6
919,12,28,0,6
916,69,1,0,6
919,14,19,0,6
916,79,17,0,6
919,36,14,0,6
919,38,10,0,6
916,96,9,0,6
919,46,22,0,6
916,103,15,0,6
916,104,0,0,6
919,51,24,0,6
916,106,19,0,6
919,54,22,0,6
916,112,13,0,6
916,114,18,0,6
916,116,14,0,6
916,117,13,0,6
919,74,11,0,6
916,134,17,0,6
916,145,10,0,6
916,148,20,0,6
916,149,2,0,6
919,96,0,0,6
919,100,16,0,6
919,102,14,0,6
916,159,28,0,6
916,167,15,0,6
919,120,16,0,6
919,121,12,0,6
919,137,24,0,6
919,138,13,0,6
919,143,19,0,6
919,146,32,0,6
919,148,12,0,6
917,32,18,0,6
919,153,23,0,6
919,156,26,0,6
917,38,16,0,6
919,161,21,0,6
917,43,0,0,6
919,169,30,0,6
917,49,22,0,6
917,50,0,0,6
917,52,23,0,6
920,5,16,0,6
919,181,16,0,6
920,11,8,0,6
919,186,15,0,6
919,187,26,0,6
919,198,26,0,6
920,27,11,0,6
919,212,14,0,6
919,228,24,0,6
920,63,18,0,6
920,69,17,0,6
920,81,26,0,6
920,82,10,0,6
919,250,21,0,6
919,258,17,0,6
919,259,13,0,6
919,261,17,0,6
920,101,11,0,6
919,268,15,0,6
919,269,24,0,6
919,270,14,0,6
921,6,33,0,6
921,8,38,0,6
919,278,24,0,6
919,279,17,0,6
919,281,35,0,6
921,15,31,0,6
921,17,24,0,6
921,20,33,0,6
919,291,19,0,6
919,292,9,0,6
921,24,27,0,6
921,25,26,0,6
921,27,30,0,6
919,300,22,0,6
919,303,20,0,6
919,311,14,0,6
921,38,26,0,6
919,313,18,0,6
921,40,29,0,6
919,317,25,0,6
921,45,17,0,6
919,325,37,0,6
921,52,34,0,6
919,328,26,0,6
919,337,15,0,6
919,338,28,0,6
919,340,22,0,6
922,12,22,0,6
922,13,13,0,6
922,14,24,0,6
922,17,30,0,6
922,18,23,0,6
922,21,27,0,6
926,109,28,0,6
922,28,12,0,6
926,135,20,0,6
926,139,23,0,6
922,59,30,0,6
926,148,17,0,6
922,66,31,0,6
922,67,29,0,6
922,68,24,0,6
926,154,29,0,6
926,156,26,0,6
926,157,16,0,6
926,162,11,0,6
926,170,21,0,6
926,172,13,0,6
922,98,4,0,6
922,99,7,0,6
926,181,15,0,6
926,192,15,0,6
926,194,14,0,6
922,117,27,0,6
922,118,25,0,6
927,1,26,0,6
927,8,21,0,6
927,15,13,0,6
927,37,26,0,6
927,41,18,0,6
927,44,23,0,6
927,50,20,0,6
927,51,13,0,6
927,57,30,0,6
926,59,18,0,6
926,60,24,0,6
926,61,9,0,6
927,60,13,0,6
927,67,31,0,6
927,68,21,0,6
926,82,42,0,6
926,83,38,0,6
926,87,12,0,6
926,96,32,0,6
926,102,18,0,6
926,106,15,0,6
927,105,28,0,6
927,113,25,0,6
927,117,23,0,6
1103,38,35,0,6
928,7,31,0,6
1103,49,24,0,6
1101,6,29,0,6
1101,7,24,0,6
1101,10,16,0,6
1101,12,21,0,6
1101,17,18,0,6
1103,59,8,0,6
1101,22,26,0,6
1101,27,16,0,6
1101,28,0,0,6
1103,68,8,0,6
1101,30,26,0,6
1103,72,28,0,6
1102,7,22,0,6
1102,11,20,0,6
1102,18,20,0,6
1102,26,14,0,6
1102,33,29,0,6
1102,34,6,0,6
1103,95,16,0,6
1103,96,16,0,6
1102,38,14,0,6
1103,99,18,0,6
1102,46,17,0,6
1102,56,13,0,6
1103,113,14,0,6
1102,62,14,0,6
1102,67,23,0,6
1102,68,18,0,6
1103,123,20,0,6
1102,74,18,0,6
1102,75,19,0,6
1102,82,31,0,6
1103,131,11,0,6
1102,86,36,0,6
1102,93,23,0,6
1103,142,13,0,6
1102,99,24,0,6
1102,100,34,0,6
1102,107,21,0,6
1104,15,10,0,6
1104,18,18,0,6
1105,164,28,0,6
1105,168,26,0,6
1104,26,24,0,6
1105,2,16,0,6
1106,10,28,0,6
1105,9,32,0,6
1106,17,40,0,6
1106,20,23,0,6
1106,23,18,0,6
1105,18,15,0,6
1105,25,34,0,6
1106,43,21,0,6
1106,45,18,0,6
1106,46,22,0,6
1106,48,15,0,6
1106,53,31,0,6
1106,54,21,0,6
1106,68,17,0,6
1106,69,31,0,6
1105,65,18,0,6
1106,73,26,0,6
1105,76,26,0,6
1106,84,23,0,6
1105,81,24,0,6
1106,90,20,0,6
1105,92,14,0,6
1106,101,26,0,6
1105,96,35,0,6
1106,105,28,0,6
1105,100,21,0,6
1105,101,38,0,6
1105,102,14,0,6
1106,111,25,0,6
1105,104,32,0,6
1106,120,14,0,6
1106,122,18,0,6
1105,114,20,0,6
1106,124,16,0,6
1105,116,34,0,6
1106,128,26,0,6
1105,121,23,0,6
1105,124,18,0,6
1106,136,30,0,6
1106,138,16,0,6
1105,130,24,0,6
1105,132,28,0,6
1106,144,26,0,6
1106,165,19,0,6
1106,166,21,0,6
1105,158,35,0,6
1106,172,17,0,6
1109,65,29,0,6
1109,67,11,0,6
1109,77,19,0,6
1109,79,11,0,6
1107,3,27,0,6
1107,8,19,0,6
1109,88,17,0,6
1109,89,11,0,6
1107,12,19,0,6
1109,94,13,0,6
1107,16,24,0,6
1109,99,21,0,6
1107,25,35,0,6
1107,29,19,0,6
1109,115,12,0,6
1109,117,30,0,6
1109,120,23,0,6
1109,124,26,0,6
1109,131,9,0,6
1109,132,15,0,6
1107,54,24,0,6
1109,138,19,0,6
1107,61,21,0,6
1107,62,36,0,6
1109,144,17,0,6
1109,156,11,0,6
1108,7,20,0,6
1109,177,13,0,6
1109,180,20,0,6
1109,194,12,0,6
1109,197,15,0,6
1109,5,17,0,6
1109,6,20,0,6
1109,207,9,0,6
1109,208,22,0,6
1109,20,16,0,6
1109,29,22,0,6
1109,222,9,0,6
1109,228,17,0,6
1109,230,27,0,6
1109,231,25,0,6
1111,103,28,0,6
1109,250,16,0,6
1109,252,17,0,6
1109,256,8,0,6
1109,258,15,0,6
1109,260,32,0,6
1111,121,29,0,6
1109,264,23,0,6
1109,267,16,0,6
1111,126,24,0,6
1110,2,23,0,6
1111,129,31,0,6
1110,4,19,0,6
1110,5,13,0,6
1111,136,24,0,6
1110,15,17,0,6
1112,1,16,0,6
1112,2,26,0,6
1110,18,27,0,6
1110,19,12,0,6
1112,4,14,0,6
1110,21,20,0,6
1112,7,31,0,6
1112,11,31,0,6
1112,16,18,0,6
1112,23,10,0,6
1110,42,21,0,6
1110,50,23,0,6
1112,33,26,0,6
1112,34,18,0,6
1112,36,21,0,6
1112,37,27,0,6
1112,41,13,0,6
1112,46,18,0,6
1112,78,26,0,6
1112,84,23,0,6
1112,88,24,0,6
1112,89,37,0,6
1112,91,27,0,6
1112,93,23,0,6
1111,61,35,0,6
1112,102,23,0,6
1112,104,17,0,6
1112,107,24,0,6
1111,76,33,0,6
1111,87,17,0,6
1111,89,34,0,6
1114,68,24,0,6
1114,70,19,0,6
1114,71,26,0,6
1114,73,18,0,6
1117,6,29,0,6
1117,8,39,0,6
1112,157,24,0,6
1112,166,21,0,6
1118,13,7,0,6
1118,14,17,0,6
1118,16,13,0,6
1118,19,14,0,6
1118,30,7,0,6
1118,34,6,0,6
1118,36,14,0,6
1118,46,8,0,6
1118,48,12,0,6
1118,50,12,0,6
1118,52,13,0,6
1118,54,26,0,6
1118,62,16,0,6
1118,70,24,0,6
1118,81,17,0,6
1119,10,19,0,6
1119,12,16,0,6
1119,15,29,0,6
1119,21,16,0,6
1119,23,18,0,6
1113,72,34,0,6
1114,5,10,0,6
1123,4,23,0,6
1123,5,22,0,6
1114,11,4,0,6
1114,20,16,0,6
1114,21,21,0,6
1123,19,25,0,6
1123,22,33,0,6
1123,35,13,0,6
1123,43,24,0,6
1123,45,23,0,6
1114,48,23,0,6
1129,90,31,0,6
1129,92,29,0,6
1129,93,40,0,6
1129,95,12,0,6
1129,99,29,0,6
1123,72,23,0,6
1124,2,22,0,6
1129,110,12,0,6
1129,111,29,0,6
1129,117,10,0,6
1129,124,25,0,6
1129,127,19,0,6
1124,21,25,0,6
1129,132,25,0,6
1124,23,23,0,6
1129,134,27,0,6
1124,30,26,0,6
1124,32,31,0,6
1129,146,21,0,6
1129,148,20,0,6
1129,152,14,0,6
1129,154,18,0,6
1124,46,25,0,6
1130,5,15,0,6
1130,6,10,0,6
1130,7,9,0,6
1130,10,10,0,6
1125,4,36,0,6
1130,17,15,0,6
1125,7,31,0,6
1129,4,32,0,6
1130,35,14,0,6
1129,9,21,0,6
1129,11,9,0,6
1129,14,8,0,6
1129,25,13,0,6
1129,27,16,0,6
1129,28,9,0,6
1129,33,15,0,6
1130,60,29,0,6
1130,62,9,0,6
1129,40,7,0,6
1130,72,21,0,6
1129,52,20,0,6
1130,79,39,0,6
1130,86,24,0,6
1129,66,24,0,6
1129,70,17,0,6
1129,74,6,0,6
1129,80,17,0,6
1129,81,7,0,6
1302,37,13,0,6
1130,113,6,0,6
1302,44,12,0,6
1302,47,11,0,6
1130,125,23,0,6
1302,60,23,0,6
1130,138,8,0,6
1130,140,16,0,6
1302,64,30,0,6
1302,65,16,0,6
1302,68,20,0,6
1130,146,13,0,6
1302,80,24,0,6
1130,160,22,0,6
1130,166,21,0,6
1130,175,26,0,6
1134,3,26,0,6
1134,7,25,0,6
1134,15,16,0,6
1134,25,32,0,6
1303,2,14,0,6
1301,8,12,0,6
1301,10,15,0,6
1301,18,19,0,6
1303,17,13,0,6
1303,18,27,0,6
1303,19,13,0,6
1303,28,12,0,6
1303,29,23,0,6
1303,31,14,0,6
1303,38,13,0,6
1303,47,13,0,6
1302,10,6,0,6
1305,2,19,0,6
1302,12,12,0,6
1305,5,14,0,6
1302,14,11,0,6
1305,7,33,0,6
1302,20,32,0,6
1302,25,8,0,6
1305,22,28,0,6
1302,27,15,0,6
1305,25,14,0,6
1305,26,26,0,6
1305,27,21,0,6
1305,35,33,0,6
1307,110,13,0,6
1306,11,11,0,6
1306,13,17,0,6
1306,14,31,0,6
1306,15,18,0,6
1308,1,17,0,6
1308,2,21,0,6
1308,3,16,0,6
1308,15,23,0,6
1308,16,16,0,6
1308,20,17,0,6
1308,24,13,0,6
1308,28,23,0,6
1308,29,17,0,6
1308,32,34,0,6
1308,33,20,0,6
1308,34,21,0,6
1308,38,28,0,6
1308,41,14,0,6
1308,43,25,0,6
1308,45,19,0,6
1308,47,22,0,6
1308,49,15,0,6
1308,50,22,0,6
1308,53,11,0,6
1308,54,10,0,6
1308,56,18,0,6
1309,1,20,0,6
1306,74,21,0,6
1306,75,25,0,6
1306,85,22,0,6
1306,86,16,0,6
1309,13,21,0,6
1309,27,35,0,6
1309,29,13,0,6
1307,23,26,0,6
1309,36,16,0,6
1307,35,11,0,6
1307,36,13,0,6
1307,43,4,0,6
1307,48,9,0,6
1309,59,27,0,6
1307,52,14,0,6
1307,54,12,0,6
1307,56,15,0,6
1307,61,11,0,6
1309,72,28,0,6
1307,65,13,0,6
1309,78,22,0,6
1309,79,15,0,6
1307,76,7,0,6
1309,89,17,0,6
1309,95,13,0,6
1309,96,24,0,6
1309,97,16,0,6
1309,98,18,0,6
1309,103,24,0,6
1309,104,37,0,6
1307,97,7,0,6
1309,118,23,0,6
1309,121,19,0,6
1311,44,10,0,6
1311,47,20,0,6
1311,49,17,0,6
1309,142,22,0,6
1311,55,19,0,6
1309,146,21,0,6
1309,147,18,0,6
1309,148,10,0,6
1309,149,30,0,6
1311,64,14,0,6
1311,65,13,0,6
1309,155,0,0,6
1312,6,17,0,6
1312,7,16,0,6
1309,174,25,0,6
1309,175,32,0,6
1309,176,22,0,6
1309,177,18,0,6
1312,31,12,0,6
1312,32,16,0,6
1312,45,25,0,6
1312,49,8,0,6
1312,51,18,0,6
1314,3,13,0,6
1314,12,11,0,6
1314,14,13,0,6
1310,21,28,0,6
1314,20,25,0,6
1310,24,23,0,6
1310,34,28,0,6
1317,7,13,0,6
1310,40,15,0,6
1317,11,13,0,6
1318,12,25,0,6
1318,15,25,0,6
1318,17,14,0,6
1318,18,27,0,6
1318,27,18,0,6
1318,28,21,0,6
1318,29,9,0,6
1311,4,22,0,6
1318,38,24,0,6
1318,40,21,0,6
1318,41,31,0,6
1318,42,12,0,6
1319,8,13,0,6
1319,9,18,0,6
1504,46,21,0,6
1319,30,12,0,6
1319,34,7,0,6
1504,63,19,0,6
1504,72,12,0,6
1320,15,25,0,6
1320,19,10,0,6
1504,87,10,0,6
1504,93,27,0,6
1504,95,18,0,6
1501,17,35,0,6
1501,19,38,0,6
1504,102,9,0,6
1504,104,25,0,6
1501,25,36,0,6
1504,124,18,0,6
1504,152,3,0,6
1504,154,15,0,6
1504,160,12,0,6
1501,69,42,0,6
1501,76,34,0,6
1501,82,41,0,6
1504,3,18,0,6
1504,181,30,0,6
1504,14,13,0,6
1504,22,16,0,6
1504,201,30,0,6
1504,27,6,0,6
1504,209,8,0,6
1504,211,21,0,6
1504,214,10,0,6
1504,41,25,0,6
1504,43,14,0,6
1512,12,19,0,6
1512,19,17,0,6
1504,232,9,0,6
1504,233,27,0,6
1512,33,26,0,6
1512,35,33,0,6
1512,40,14,0,6
1504,248,29,0,6
1504,249,9,0,6
1512,42,27,0,6
1504,252,0,0,6
1512,45,10,0,6
1512,49,22,0,6
1504,258,8,0,6
1512,51,16,0,6
1512,52,24,0,6
1512,53,22,0,6
1504,266,13,0,6
1504,268,24,0,6
1504,269,7,0,6
1504,278,23,0,6
1512,72,12,0,6
1512,77,9,0,6
1512,78,14,0,6
1512,81,30,0,6
1512,83,16,0,6
1512,84,17,0,6
1512,87,27,0,6
1512,91,10,0,6
1512,96,10,0,6
1512,97,21,0,6
1504,304,33,0,6
1512,116,14,0,6
1512,122,21,0,6
1512,123,17,0,6
1512,129,17,0,6
1504,333,9,0,6
1504,338,23,0,6
1512,139,17,0,6
1512,146,17,0,6
1512,148,10,0,6
1506,1,17,0,6
1512,159,16,0,6
1506,8,27,0,6
1512,167,11,0,6
1506,11,17,0,6
1512,170,18,0,6
1506,18,24,0,6
1506,28,30,0,6
1512,190,21,0,6
1512,194,15,0,6
1512,197,34,0,6
1512,6,18,0,6
1512,201,18,0,6
1512,207,14,0,6
1512,209,25,0,6
1512,405,23,0,6
1512,214,27,0,6
1512,410,25,0,6
1512,412,20,0,6
1512,416,23,0,6
1512,227,22,0,6
1512,426,28,0,6
1512,429,26,0,6
1512,430,30,0,6
1512,431,13,0,6
1512,434,22,0,6
1512,447,14,0,6
1512,450,32,0,6
1512,451,27,0,6
1512,257,17,0,6
1512,259,9,0,6
1512,455,20,0,6
1512,456,14,0,6
1512,265,9,0,6
1512,266,28,0,6
1512,267,29,0,6
1512,268,28,0,6
1512,269,21,0,6
1512,469,20,0,6
1512,473,33,0,6
1512,280,15,0,6
1512,281,18,0,6
1512,478,17,0,6
1512,481,26,0,6
1516,1,17,0,6
1516,3,12,0,6
1516,13,25,0,6
1512,307,40,0,6
1512,308,19,0,6
1512,320,22,0,6
1512,321,28,0,6
1516,36,16,0,6
1516,41,14,0,6
1516,46,26,0,6
1512,337,22,0,6
1512,342,24,0,6
1516,57,29,0,6
1516,70,20,0,6
1516,78,20,0,6
1516,83,19,0,6
1512,373,19,0,6
1512,375,19,0,6
1512,376,17,0,6
1512,383,17,0,6
1512,384,17,0,6
1512,387,15,0,6
1512,390,26,0,6
1512,392,12,0,6
1512,394,28,0,6
1519,101,20,0,6
1516,112,10,0,6
1516,121,6,0,6
1522,7,21,0,6
1522,8,24,0,6
1522,10,13,0,6
1522,11,14,0,6
1522,13,20,0,6
1522,15,10,0,6
1516,136,28,0,6
1516,140,13,0,6
1516,141,18,0,6
1522,28,11,0,6
1522,34,30,0,6
1522,36,14,0,6
1522,40,25,0,6
1522,42,22,0,6
1522,43,35,0,6
1516,166,26,0,6
1516,167,17,0,6
1522,48,17,0,6
1522,51,34,0,6
1522,54,25,0,6
1522,56,13,0,6
1522,63,30,0,6
1518,13,26,0,6
1522,65,6,0,6
1522,68,33,0,6
1518,23,19,0,6
1522,75,24,0,6
1522,77,21,0,6
1522,83,13,0,6
1522,85,15,0,6
1522,87,23,0,6
1519,14,15,0,6
1519,19,20,0,6
1522,99,28,0,6
1522,117,24,0,6
1519,39,18,0,6
1522,133,14,0,6
1522,142,24,0,6
1519,65,24,0,6
1519,67,20,0,6
1522,148,23,0,6
1522,149,26,0,6
1519,77,14,0,6
1527,61,25,0,6
1527,66,12,0,6
1522,191,24,0,6
1527,80,28,0,6
1527,81,12,0,6
1527,85,23,0,6
1527,86,13,0,6
1527,97,13,0,6
1525,16,12,0,6
1528,11,18,0,6
1525,41,13,0,6
1525,43,16,0,6
1528,37,20,0,6
1528,45,33,0,6
1525,60,13,0,6
1525,66,11,0,6
1525,71,20,0,6
1528,67,26,0,6
1528,71,11,0,6
1528,85,13,0,6
1528,87,5,0,6
1528,91,20,0,6
1528,93,18,0,6
1527,12,14,0,6
1527,13,27,0,6
1527,16,14,0,6
1527,19,22,0,6
1527,20,17,0,6
1528,111,22,0,6
1528,112,17,0,6
1528,113,30,0,6
1528,114,28,0,6
1527,28,29,0,6
1528,122,21,0,6
1527,36,15,0,6
1528,129,27,0,6
1527,43,24,0,6
1528,137,27,0,6
1528,144,19,0,6
1527,57,6,0,6
1528,148,25,0,6
1530,122,27,0,6
1530,136,16,0,6
1530,140,13,0,6
1530,151,21,0,6
1529,29,16,0,6
1530,159,18,0,6
1530,160,34,0,6
1530,163,26,0,6
1529,40,20,0,6
1530,169,14,0,6
1529,42,16,0,6
1530,174,18,0,6
1530,176,18,0,6
1530,181,21,0,6
1530,5,33,0,6
1530,7,8,0,6
1530,200,31,0,6
1530,202,9,0,6
1530,203,19,0,6
1530,204,28,0,6
1530,218,18,0,6
1530,31,25,0,6
1530,221,18,0,6
1530,222,19,0,6
1530,38,25,0,6
1530,40,20,0,6
1530,49,32,0,6
1530,56,25,0,6
1530,57,24,0,6
1530,247,12,0,6
1530,265,16,0,6
1530,266,23,0,6
1530,267,19,0,6
1530,270,28,0,6
1530,272,17,0,6
1530,89,29,0,6
1530,279,19,0,6
1530,282,15,0,6
1531,2,9,0,6
1531,6,7,0,6
1531,7,20,0,6
1531,11,21,0,6
1533,130,33,0,6
1533,155,17,0,6
1531,44,8,0,6
1533,161,18,0,6
1533,162,25,0,6
1533,163,23,0,6
1531,54,22,0,6
1533,166,19,0,6
1531,60,14,0,6
1533,173,24,0,6
1533,177,15,0,6
1533,9,26,0,6
1533,11,12,0,6
1533,185,9,0,6
1533,193,17,0,6
1533,33,23,0,6
1536,10,12,0,6
1533,45,34,0,6
1533,53,26,0,6
1536,32,27,0,6
1533,57,23,0,6
1533,62,9,0,6
1533,63,19,0,6
1536,56,34,0,6
1536,57,14,0,6
1536,58,15,0,6
1536,65,15,0,6
1536,74,28,0,6
1533,92,28,0,6
1536,80,30,0,6
1536,81,13,0,6
1536,86,22,0,6
1536,94,27,0,6
1536,100,16,0,6
1536,104,27,0,6
1533,118,13,0,6
1536,111,12,0,6
1533,123,23,0,6
1544,132,11,0,6
1544,140,20,0,6
1550,2,15,0,6
1542,5,19,0,6
1550,8,10,0,6
1542,8,16,0,6
1542,9,7,0,6
1550,16,19,0,6
1542,18,5,0,6
1542,19,26,0,6
1542,23,23,0,6
1550,27,25,0,6
1542,34,21,0,6
1542,41,5,0,6
1542,48,10,0,6
1542,55,11,0,6
1550,49,15,0,6
1544,5,3,0,6
1544,14,15,0,6
1544,15,19,0,6
1544,18,23,0,6
1544,19,17,0,6
1544,29,6,0,6
1553,3,11,0,6
1553,4,27,0,6
1544,35,14,0,6
1544,40,20,0,6
1544,44,10,0,6
1544,52,20,0,6
1553,22,22,0,6
1553,24,13,0,6
1553,31,10,0,6
1553,32,26,0,6
1544,69,12,0,6
1544,70,13,0,6
1544,75,0,0,6
1554,1,19,0,6
1554,2,23,0,6
1544,82,15,0,6
1544,89,22,0,6
1544,96,27,0,6
1554,17,18,0,6
1544,104,22,0,6
1554,20,27,0,6
1544,108,32,0,6
1544,115,23,0,6
1544,116,17,0,6
1555,44,17,0,6
1554,38,9,0,6
1555,53,27,0,6
1561,25,20,0,6
1554,68,16,0,6
1561,28,35,0,6
1554,74,8,0,6
1561,38,33,0,6
1554,83,8,0,6
1561,46,28,0,6
1554,85,23,0,6
1561,49,32,0,6
1561,52,28,0,6
1561,63,24,0,6
1554,99,17,0,6
1561,66,26,0,6
1561,67,34,0,6
1561,68,24,0,6
1554,103,20,0,6
1554,106,16,0,6
1554,112,22,0,6
1554,114,12,0,6
1561,86,26,0,6
1561,91,30,0,6
1561,110,21,0,6
1561,115,26,0,6
1561,118,8,0,6
1561,119,24,0,6
1561,123,22,0,6
1554,157,6,0,6
1561,133,22,0,6
1554,159,18,0,6
1561,147,25,0,6
1561,149,21,0,6
1555,13,29,0,6
1555,14,29,0,6
1555,15,23,0,6
1561,156,29,0,6
1561,161,26,0,6
1561,166,21,0,6
1561,171,26,0,6
1555,38,25,0,6
1555,40,33,0,6
1569,19,20,0,6
1569,21,28,0,6
1561,190,14,0,6
1569,36,27,0,6
1569,38,30,0,6
1569,39,26,0,6
1569,41,17,0,6
1569,43,15,0,6
1561,215,30,0,6
1569,52,17,0,6
1575,1,26,0,6
1561,223,24,0,6
1575,9,24,0,6
1561,235,23,0,6
1579,13,15,0,6
1579,15,16,0,6
1579,22,22,0,6
1579,24,20,0,6
1579,26,19,0,6
1561,272,29,0,6
1580,5,36,0,6
1561,276,29,0,6
1561,277,11,0,6
1561,284,0,0,6
1561,288,25,0,6
1580,18,34,0,6
1561,297,21,0,6
1580,25,32,0,6
1561,305,27,0,6
1580,31,25,0,6
1561,308,15,0,6
1561,311,21,0,6
1561,317,27,0,6
1580,44,37,0,6
1561,323,6,0,6
1561,328,23,0,6
1580,51,31,0,6
1561,333,22,0,6
1561,337,22,0,6
1580,62,41,0,6
1561,348,9,0,6
1580,65,31,0,6
1561,351,23,0,6
1580,68,34,0,6
1561,355,25,0,6
1580,71,30,0,6
1580,75,35,0,6
1581,360,15,0,6
1581,361,19,0,6
1581,366,19,0,6
1581,371,20,0,6
1581,373,20,0,6
1581,376,13,0,6
1581,383,14,0,6
1581,384,21,0,6
1581,386,16,0,6
1581,387,10,0,6
1581,394,15,0,6
1581,395,15,0,6
1581,403,16,0,6
1581,407,20,0,6
1581,408,19,0,6
1582,2,11,0,6
1582,5,17,0,6
1582,7,22,0,6
1582,12,11,0,6
1582,13,11,0,6
1582,14,16,0,6
1582,17,19,0,6
1582,20,13,0,6
1582,24,12,0,6
1582,25,10,0,6
1582,28,26,0,6
1582,33,29,0,6
1582,34,20,0,6
1582,36,23,0,6
1582,40,16,0,6
1582,44,16,0,6
1582,46,24,0,6
1582,48,16,0,6
1582,52,24,0,6
1582,57,21,0,6
1582,59,9,0,6
1582,61,24,0,6
1582,64,11,0,6
1582,65,22,0,6
1582,67,16,0,6
1582,69,22,0,6
1582,72,12,0,6
1582,74,13,0,6
1582,76,15,0,6
1582,81,18,0,6
1582,83,18,0,6
1582,84,17,0,6
1584,1,11,0,6
1584,2,13,0,6
1584,7,11,0,6
1584,8,27,0,6
1584,178,27,0,6
1584,180,16,0,6
1584,181,10,0,6
1584,184,30,0,6
1584,195,28,0,6
1584,204,10,0,6
1584,207,10,0,6
1584,209,19,0,6
1584,213,28,0,6
1584,216,28,0,6
1584,228,20,0,6
1584,233,5,0,6
1584,238,25,0,6
1585,12,12,0,6
1585,16,14,0,6
1584,114,13,0,6
1585,31,29,0,6
1584,119,10,0,6
1584,126,19,0,6
1584,128,10,0,6
1584,130,24,0,6
1584,135,13,0,6
1585,62,34,0,6
1585,63,12,0,6
1584,143,8,0,6
1584,150,23,0,6
1585,76,12,0,6
1585,81,17,0,6
1585,82,16,0,6
1585,97,6,0,6
1589,112,6,0,6
1589,114,11,0,6
1587,4,11,0,6
1589,126,14,0,6
1587,12,14,0,6
1587,18,22,0,6
1589,138,9,0,6
1587,26,8,0,6
1587,30,23,0,6
1589,146,20,0,6
1587,37,22,0,6
1587,38,13,0,6
1589,151,7,0,6
1589,167,26,0,6
1589,185,22,0,6
1589,187,16,0,6
1589,216,8,0,6
1589,218,19,0,6
1589,238,20,0,6
1589,241,14,0,6
1589,245,13,0,6
1589,251,28,0,6
1589,267,14,0,6
1589,275,13,0,6
1594,82,14,0,6
1589,293,14,0,6
1589,298,12,0,6
1589,303,23,0,6
1596,1,11,0,6
1589,307,37,0,6
1589,309,16,0,6
1589,311,12,0,6
1589,314,29,0,6
1596,9,13,0,6
1589,316,14,0,6
1596,11,13,0,6
1589,318,15,0,6
1589,320,3,0,6
1589,322,9,0,6
1596,17,14,0,6
1589,324,22,0,6
1589,326,0,0,6
1589,328,26,0,6
1589,330,8,0,6
1589,332,11,0,6
1589,334,7,0,6
1589,336,7,0,6
1589,338,8,0,6
1589,340,11,0,6
1589,342,11,0,6
1589,344,18,0,6
1589,346,29,0,6
1589,348,13,0,6
1589,350,3,0,6
1596,45,18,0,6
1589,352,9,0,6
1596,47,19,0,6
1589,354,12,0,6
1589,356,25,0,6
1589,358,29,0,6
1589,360,0,0,6
1596,55,14,0,6
1589,362,15,0,6
1589,364,7,0,6
1589,366,11,0,6
1589,368,12,0,6
1596,63,12,0,6
1589,370,14,0,6
1589,372,6,0,6
1596,67,13,0,6
1589,374,21,0,6
1589,376,10,0,6
1596,71,33,0,6
1594,1,7,0,6
1594,9,3,0,6
1594,11,25,0,6
1608,9,9,0,6
1608,10,18,0,6
1608,11,18,0,6
1594,20,14,0,6
1608,17,11,0,6
1608,18,9,0,6
1594,27,21,0,6
1594,29,19,0,6
1594,39,4,0,6
1594,44,26,0,6
1629,31,35,0,6
1615,1,12,0,6
1615,3,12,0,6
1615,11,27,0,6
1629,48,37,0,6
1615,24,7,0,6
1629,58,28,0,6
1615,27,27,0,6
1615,28,16,0,6
1615,46,15,0,6
1615,47,14,0,6
1629,84,30,0,6
1629,89,35,0,6
1629,94,37,0,6
1624,4,23,0,6
1629,114,33,0,6
1624,11,13,0,6
1629,125,23,0,6
1629,127,28,0,6
1625,5,29,0,6
1629,135,32,0,6
1625,15,37,0,6
1629,137,17,0,6
1625,27,27,0,6
1625,28,32,0,6
1625,29,22,0,6
1629,162,27,0,6
1625,58,29,0,6
1629,176,36,0,6
1625,62,22,0,6
1629,179,34,0,6
1629,210,34,0,6
1629,212,29,0,6
1629,217,31,0,6
1707,29,27,0,6
1707,35,17,0,6
1629,240,42,0,6
1707,58,19,0,6
1707,59,12,0,6
1630,2,13,0,6
1707,65,14,0,6
1707,77,14,0,6
1707,80,13,0,6
1630,26,14,0,6
1630,28,14,0,6
1707,88,11,0,6
1707,101,16,0,6
1701,12,11,0,6
1701,13,19,0,6
1701,14,24,0,6
1701,18,14,0,6
1701,19,15,0,6
1701,20,22,0,6
1701,24,23,0,6
1701,26,15,0,6
1701,37,24,0,6
1701,38,18,0,6
1708,1,28,0,6
1705,1,14,0,6
1705,9,15,0,6
1708,9,37,0,6
1705,16,29,0,6
1708,14,27,0,6
1705,24,23,0,6
1705,34,12,0,6
1708,26,25,0,6
1708,27,21,0,6
1705,38,13,0,6
1705,48,14,0,6
1708,36,18,0,6
1705,52,7,0,6
1708,40,28,0,6
1708,46,16,0,6
1708,47,17,0,6
1705,66,19,0,6
1707,7,24,0,6
1707,12,23,0,6
1707,18,9,0,6
1708,64,20,0,6
1708,374,18,0,6
1708,376,22,0,6
1708,378,29,0,6
1712,47,12,0,6
1712,53,10,0,6
1712,59,17,0,6
1708,390,32,0,6
1708,394,16,0,6
1712,73,14,0,6
1712,87,22,0,6
1712,98,14,0,6
1712,100,14,0,6
1708,424,29,0,6
1712,103,16,0,6
1708,429,23,0,6
1708,431,17,0,6
1712,111,23,0,6
1708,433,10,0,6
1708,435,25,0,6
1712,119,16,0,6
1712,121,20,0,6
1712,122,14,0,6
1708,446,8,0,6
1708,448,20,0,6
1712,132,9,0,6
1710,3,31,0,6
1712,135,24,0,6
1712,137,15,0,6
1712,150,16,0,6
1710,19,15,0,6
1712,152,13,0,6
1710,22,26,0,6
1712,157,14,0,6
1710,25,21,0,6
1710,26,22,0,6
1710,34,23,0,6
1710,36,19,0,6
1712,168,12,0,6
1710,47,25,0,6
1712,5,15,0,6
1712,12,10,0,6
1712,19,17,0,6
1712,20,16,0,6
1712,23,5,0,6
1712,201,38,0,6
1712,28,14,0,6
1712,29,28,0,6
1712,208,9,0,6
1712,38,15,0,6
1712,216,11,0,6
1712,221,16,0,6
1712,400,30,0,6
1712,413,15,0,6
1712,236,12,0,6
1712,238,24,0,6
1712,242,18,0,6
1712,248,11,0,6
1712,428,18,0,6
1712,435,25,0,6
1712,257,12,0,6
1712,439,10,0,6
1712,449,27,0,6
1712,452,15,0,6
1712,455,25,0,6
1712,282,6,0,6
1712,287,17,0,6
1712,295,18,0,6
1712,296,9,0,6
1712,489,15,0,6
1712,491,18,0,6
1712,313,15,0,6
1712,314,10,0,6
1712,318,33,0,6
1712,319,30,0,6
1714,2,17,0,6
1712,338,10,0,6
1712,340,11,0,6
1714,19,36,0,6
1714,20,18,0,6
1714,34,21,0,6
1712,356,8,0,6
1715,2,27,0,6
1715,14,28,0,6
1715,18,32,0,6
1712,375,22,0,6
1716,1,26,0,6
1716,2,24,0,6
1716,3,22,0,6
1717,149,20,0,6
1716,31,15,0,6
1716,32,25,0,6
1717,170,26,0,6
1717,176,25,0,6
1717,182,31,0,6
1717,184,16,0,6
1717,194,13,0,6
1717,198,22,0,6
1717,210,35,0,6
1717,212,33,0,6
1717,226,26,0,6
1717,228,29,0,6
1717,230,5,0,6
1717,234,32,0,6
1717,240,30,0,6
1717,252,26,0,6
1717,258,29,0,6
1717,262,9,0,6
1717,264,21,0,6
1717,268,28,0,6
1717,270,22,0,6
1717,276,23,0,6
1717,288,17,0,6
1717,290,15,0,6
1717,295,15,0,6
1721,49,24,0,6
1721,52,20,0,6
1721,54,27,0,6
1721,62,14,0,6
1719,18,9,0,6
1724,3,11,0,6
1719,27,32,0,6
1719,29,8,0,6
1724,13,16,0,6
1724,15,10,0,6
1724,18,21,0,6
1724,19,10,0,6
1724,24,31,0,6
1724,25,9,0,6
1724,28,29,0,6
1724,30,12,0,6
1724,32,25,0,6
1724,33,12,0,6
1724,34,32,0,6
1724,45,18,0,6
1719,66,18,0,6
1719,67,22,0,6
1719,73,11,0,6
1720,3,23,0,6
1720,4,19,0,6
1720,5,21,0,6
1724,61,15,0,6
1720,7,17,0,6
1720,8,15,0,6
1724,65,19,0,6
1724,66,19,0,6
1724,67,10,0,6
1724,69,12,0,6
1724,71,8,0,6
1720,31,25,0,6
1720,34,16,0,6
1720,41,30,0,6
1720,42,28,0,6
1724,104,9,0,6
1724,109,26,0,6
1724,112,29,0,6
1724,114,27,0,6
1724,130,5,0,6
1724,135,27,0,6
1724,143,25,0,6
1724,145,14,0,6
1721,17,13,0,6
1724,151,12,0,6
1724,153,34,0,6
1724,155,21,0,6
1724,160,33,0,6
1721,30,22,0,6
1724,184,20,0,6
1728,97,27,0,6
1724,187,23,0,6
1724,188,35,0,6
1728,105,19,0,6
1726,5,11,0,6
1728,108,21,0,6
1726,9,14,0,6
1728,112,21,0,6
1726,19,6,0,6
1726,23,3,0,6
1726,29,12,0,6
1726,30,6,0,6
1728,128,10,0,6
1726,37,18,0,6
1726,44,26,0,6
1728,138,14,0,6
1726,50,10,0,6
1726,51,30,0,6
1728,142,34,0,6
1726,55,8,0,6
1728,145,25,0,6
1726,65,11,0,6
1726,66,12,0,6
1728,156,10,0,6
1728,159,29,0,6
1728,169,15,0,6
1728,172,33,0,6
1728,178,29,0,6
1728,180,31,0,6
1728,185,20,0,6
1728,187,18,0,6
1728,192,26,0,6
1728,193,20,0,6
1728,194,28,0,6
1728,195,31,0,6
1728,196,23,0,6
1728,197,28,0,6
1728,200,12,0,6
1728,204,19,0,6
1728,206,11,0,6
1728,215,16,0,6
1728,217,25,0,6
1728,220,25,0,6
1728,226,13,0,6
1728,227,29,0,6
1728,230,22,0,6
1728,231,26,0,6
1728,236,13,0,6
1728,243,23,0,6
1728,244,14,0,6
1728,249,24,0,6
1728,253,23,0,6
1735,29,10,0,6
1735,39,20,0,6
1735,40,29,0,6
1728,275,13,0,6
1728,277,16,0,6
1737,9,19,0,6
1728,279,22,0,6
1728,311,17,0,6
1728,313,23,0,6
1728,315,15,0,6
1728,325,26,0,6
1728,329,36,0,6
1728,333,32,0,6
1731,5,25,0,6
1731,9,23,0,6
1731,15,11,0,6
1731,16,5,0,6
1737,92,18,0,6
1731,21,11,0,6
1740,3,31,0,6
1731,27,7,0,6
1740,6,24,0,6
1731,31,9,0,6
1740,11,23,0,6
1731,39,4,0,6
1740,14,32,0,6
1740,15,12,0,6
1740,16,21,0,6
1731,44,2,0,6
1740,20,20,0,6
1731,48,6,0,6
1740,23,13,0,6
1731,52,14,0,6
1740,32,14,0,6
1735,10,16,0,6
1740,34,23,0,6
1735,12,16,0,6
1740,36,20,0,6
1740,37,14,0,6
1740,40,20,0,6
1742,113,30,0,6
1740,47,21,0,6
1740,50,22,0,6
1740,62,19,0,6
1742,144,14,0,6
1740,71,29,0,6
1742,153,24,0,6
1742,154,19,0,6
1740,76,18,0,6
1740,80,9,0,6
1742,163,26,0,6
1740,86,15,0,6
1742,170,28,0,6
1740,88,20,0,6
1742,175,30,0,6
1742,179,30,0,6
1740,100,14,0,6
1740,102,21,0,6
1742,201,16,0,6
1742,21,11,0,6
1742,22,24,0,6
1742,212,24,0,6
1742,26,10,0,6
1742,28,19,0,6
1742,30,20,0,6
1742,31,15,0,6
1742,34,12,0,6
1742,35,26,0,6
1742,36,26,0,6
1742,37,20,0,6
1742,225,20,0,6
1742,231,14,0,6
1742,47,24,0,6
1742,48,24,0,6
1742,49,23,0,6
1742,238,18,0,6
1742,55,20,0,6
1742,59,13,0,6
1742,61,25,0,6
1742,70,17,0,6
1742,261,22,0,6
1742,262,32,0,6
1742,74,23,0,6
1742,77,18,0,6
1742,79,26,0,6
1742,275,39,0,6
1742,277,22,0,6
1742,284,27,0,6
1742,287,13,0,6
1742,107,30,0,6
1742,109,17,0,6
1764,71,23,0,6
1744,13,18,0,6
1744,23,19,0,6
1764,104,20,0,6
1764,106,22,0,6
1744,35,13,0,6
1764,112,22,0,6
1764,122,18,0,6
1764,134,13,0,6
1744,56,21,0,6
1764,141,15,0,6
1764,148,13,0,6
1764,164,23,0,6
1765,4,15,0,6
1765,8,29,0,6
1765,14,14,0,6
1744,99,12,0,6
1765,28,22,0,6
1744,105,22,0,6
1764,3,14,0,6
1765,39,18,0,6
1765,47,18,0,6
1764,18,32,0,6
1764,23,5,0,6
1765,54,18,0,6
1765,56,7,0,6
1764,30,16,0,6
1765,59,13,0,6
1765,60,9,0,6
1765,63,24,0,6
1764,39,15,0,6
1765,66,14,0,6
1764,43,25,0,6
1764,47,8,0,6
1764,49,21,0,6
1765,74,19,0,6
1764,57,35,0,6
1765,83,16,0,6
1764,62,13,0,6
1764,64,27,0,6
1764,69,22,0,6
1765,101,22,0,6
1774,31,15,0,6
1765,111,0,0,6
1774,35,15,0,6
1774,36,9,0,6
1765,115,17,0,6
1774,47,20,0,6
1774,49,8,0,6
1774,50,28,0,6
1765,130,10,0,6
1774,68,16,0,6
1774,69,24,0,6
1765,150,12,0,6
1765,160,15,0,6
1765,162,29,0,6
1765,165,23,0,6
1765,169,16,0,6
1774,96,11,0,6
1765,177,11,0,6
1774,109,13,0,6
1774,110,25,0,6
1774,112,20,0,6
1774,113,28,0,6
1774,114,15,0,6
1765,202,31,0,6
1765,204,17,0,6
1774,136,7,0,6
1765,215,10,0,6
1765,230,25,0,6
1765,235,10,0,6
1765,239,9,0,6
1770,3,41,0,6
1775,12,28,0,6
1775,20,24,0,6
1775,22,25,0,6
1775,24,22,0,6
1775,26,18,0,6
1781,1,39,0,6
1901,59,10,0,6
1781,11,33,0,6
1901,68,14,0,6
1781,14,24,0,6
1781,15,32,0,6
1901,74,9,0,6
1781,24,29,0,6
1781,25,25,0,6
1901,78,11,0,6
1782,1,34,0,6
1782,3,38,0,6
1792,3,21,0,6
1792,5,19,0,6
1792,15,30,0,6
1792,21,33,0,6
1792,23,30,0,6
1792,45,25,0,6
1798,1,8,0,6
1798,5,26,0,6
1798,7,25,0,6
1798,11,23,0,6
1901,24,15,0,6
1901,26,28,0,6
1901,28,17,0,6
1901,30,6,0,6
1901,36,8,0,6
1904,79,16,0,6
1904,85,18,0,6
1904,87,18,0,6
1904,90,30,0,6
1903,50,28,0,6
1904,97,13,0,6
1903,55,26,0,6
1903,57,20,0,6
1903,59,26,0,6
1903,61,18,0,6
1903,64,28,0,6
1903,69,27,0,6
1904,134,11,0,6
1904,136,17,0,6
1904,138,18,0,6
1904,139,26,0,6
1903,97,25,0,6
1904,145,23,0,6
1903,99,29,0,6
1904,147,24,0,6
1903,108,27,0,6
1904,2,5,0,6
1904,4,14,0,6
1904,14,16,0,6
1904,172,14,0,6
1904,16,12,0,6
1904,18,24,0,6
1904,51,20,0,6
1904,227,14,0,6
1904,230,14,0,6
1904,74,31,0,6
1904,242,10,0,6
1904,244,19,0,6
1904,256,0,0,6
1904,258,22,0,6
1904,260,16,0,6
1904,262,18,0,6
1904,264,24,0,6
1904,267,24,0,6
1904,269,0,0,6
1910,97,11,0,6
1904,271,30,0,6
1904,273,11,0,6
1904,275,22,0,6
1910,103,11,0,6
1904,277,0,0,6
1916,460,35,0,6
1916,465,16,0,6
1916,466,30,0,6
1916,468,29,0,6
1916,471,29,0,6
1916,473,36,0,6
1916,475,21,0,6
1916,477,25,0,6
1916,480,28,0,6
1916,482,26,0,6
1916,490,21,0,6
1916,500,28,0,6
1916,510,16,0,6
1916,517,27,0,6
1916,519,27,0,6
1916,520,27,0,6
1916,529,13,0,6
1916,534,19,0,6
1916,536,16,0,6
1916,539,26,0,6
1916,540,28,0,6
1916,548,28,0,6
1916,556,16,0,6
1918,1,14,0,6
1918,5,28,0,6
1918,6,13,0,6
1918,8,16,0,6
1918,11,12,0,6
1918,14,13,0,6
1918,15,12,0,6
1918,16,11,0,6
1918,18,27,0,6
1918,22,21,0,6
1918,25,23,0,6
1918,26,18,0,6
1916,434,31,0,6
1918,28,23,0,6
1916,436,32,0,6
1916,438,30,0,6
1916,442,28,0,6
1918,42,24,0,6
1918,46,20,0,6
1918,47,21,0,6
1918,48,22,0,6
1918,52,15,0,6
1918,59,20,0,6
1918,61,15,0,6
1923,5,13,0,6
1918,63,29,0,6
1918,65,19,0,6
1918,67,19,0,6
1923,11,12,0,6
1918,69,21,0,6
1923,13,27,0,6
1918,71,13,0,6
1923,16,13,0,6
1918,73,13,0,6
1920,2,16,0,6
1920,4,22,0,6
1923,22,33,0,6
1920,6,29,0,6
1920,8,18,0,6
1923,26,10,0,6
1920,10,27,0,6
1920,12,17,0,6
1920,14,22,0,6
1923,32,21,0,6
1920,16,21,0,6
1923,34,13,0,6
1920,18,23,0,6
1920,20,22,0,6
1920,22,22,0,6
1923,40,19,0,6
1920,24,26,0,6
1920,26,24,0,6
1923,44,14,0,6
1920,28,17,0,6
1920,30,17,0,6
1923,48,28,0,6
1920,32,31,0,6
1920,34,27,0,6
1920,37,15,0,6
1920,39,10,0,6
1920,41,12,0,6
1920,43,0,0,6
1920,45,21,0,6
1920,47,23,0,6
1921,1,19,0,6
1921,3,5,0,6
1921,5,6,0,6
1921,7,16,0,6
1923,72,5,0,6
1921,9,15,0,6
1921,11,36,0,6
1921,13,14,0,6
1921,15,15,0,6
1921,17,19,0,6
1923,82,9,0,6
1921,20,17,0,6
1921,22,19,0,6
1921,24,10,0,6
1921,26,19,0,6
1921,28,11,0,6
1921,30,20,0,6
1921,32,11,0,6
1921,34,8,0,6
1921,36,5,0,6
1921,38,2,0,6
1921,40,14,0,6
1921,42,9,0,6
1921,44,24,0,6
1921,46,11,0,6
1921,48,2,0,6
1921,50,15,0,6
1924,1,25,0,6
1921,52,24,0,6
1921,55,12,0,6
1921,57,9,0,6
1924,7,22,0,6
1921,59,6,0,6
1921,61,15,0,6
1921,63,10,0,6
1921,65,14,0,6
1921,67,9,0,6
1921,69,27,0,6
1924,19,22,0,6
1921,71,23,0,6
1921,74,20,0,6
1921,76,32,0,6
1921,79,5,0,6
1921,81,21,0,6
1921,83,4,0,6
1943,75,10,0,6
1943,78,18,0,6
1943,79,20,0,6
1943,80,9,0,6
1943,96,25,0,6
1943,100,12,0,6
1943,101,18,0,6
1943,102,13,0,6
1944,3,19,0,6
1944,12,16,0,6
1944,16,24,0,6
1944,17,17,0,6
1944,18,25,0,6
1944,19,11,0,6
1944,28,15,0,6
1944,29,27,0,6
1944,35,13,0,6
1944,37,15,0,6
1944,42,18,0,6
1944,43,17,0,6
1944,44,30,0,6
1944,45,16,0,6
1944,46,25,0,6
1944,49,10,0,6
1944,51,33,0,6
1944,55,32,0,6
1943,9,4,0,6
1944,59,31,0,6
1943,11,27,0,6
1944,61,18,0,6
1943,13,25,0,6
1943,15,14,0,6
1944,65,17,0,6
1943,17,16,0,6
1943,19,25,0,6
1943,21,25,0,6
1943,23,7,0,6
1944,73,33,0,6
1943,25,0,0,6
1944,77,20,0,6
1944,81,17,0,6
1944,84,18,0,6
1944,90,14,0,6
1944,91,14,0,6
1944,94,30,0,6
1943,49,6,0,6
1943,51,29,0,6
1944,101,16,0,6
1943,53,7,0,6
1943,55,12,0,6
1943,57,2,0,6
1944,107,20,0,6
1943,59,5,0,6
1943,61,12,0,6
1943,63,8,0,6
1943,65,3,0,6
1944,115,23,0,6
1943,67,0,0,6
1943,69,16,0,6
1944,119,21,0,6
1943,71,32,0,6
1944,141,31,0,6
1944,143,29,0,6
1944,145,13,0,6
1944,147,16,0,6
1944,303,18,0,6
1944,149,19,0,6
1944,152,24,0,6
1944,307,30,0,6
1944,154,13,0,6
1944,309,28,0,6
1944,156,11,0,6
1944,158,23,0,6
1944,160,26,0,6
1944,315,17,0,6
1944,162,28,0,6
1944,164,12,0,6
1944,319,20,0,6
1944,170,12,0,6
1944,174,17,0,6
1944,334,27,0,6
1944,337,15,0,6
1944,190,20,0,6
1944,192,17,0,6
1944,348,32,0,6
1944,194,20,0,6
1944,196,7,0,6
1944,198,24,0,6
1944,200,37,0,6
1944,207,29,0,6
1944,215,25,0,6
1944,223,13,0,6
1944,231,18,0,6
1944,235,17,0,6
1944,239,26,0,6
1944,240,29,0,6
1944,242,18,0,6
1944,244,25,0,6
1944,246,13,0,6
1944,248,13,0,6
1944,250,11,0,6
1944,252,10,0,6
1946,27,27,0,6
1944,254,30,0,6
1944,256,29,0,6
1944,258,15,0,6
1944,260,27,0,6
1944,262,6,0,6
1946,37,14,0,6
1944,264,24,0,6
1946,39,16,0,6
1944,266,30,0,6
1944,268,20,0,6
1946,43,9,0,6
1946,45,8,0,6
1947,4,16,0,6
1947,42,11,0,6
1947,46,26,0,6
1947,62,13,0,6
1947,64,27,0,6
1947,74,32,0,6
1947,80,30,0,6
1947,88,24,0,6
1947,98,23,0,6
1947,100,14,0,6
1947,102,18,0,6
1947,104,13,0,6
1947,108,12,0,6
1947,282,22,0,6
1947,284,2,0,6
1947,304,28,0,6
1947,306,25,0,6
1947,322,22,0,6
1947,326,21,0,6
1947,328,15,0,6
1951,4,16,0,6
1951,9,31,0,6
1951,13,10,0,6
1947,351,16,0,6
1947,357,21,0,6
1947,359,9,0,6
1947,369,28,0,6
1947,373,10,0,6
1947,379,8,0,6
1947,389,6,0,6
1947,393,20,0,6
1947,395,19,0,6
1947,400,18,0,6
1947,402,12,0,6
1947,404,6,0,6
1951,76,23,0,6
1947,406,0,0,6
1951,80,17,0,6
1947,410,0,0,6
1947,412,15,0,6
1947,414,14,0,6
1947,416,19,0,6
1951,88,12,0,6
1947,418,9,0,6
1951,92,14,0,6
1951,94,38,0,6
1951,98,29,0,6
1951,112,16,0,6
1951,114,10,0,6
1951,116,14,0,6
1951,126,27,0,6
1951,127,13,0,6
1949,28,36,0,6
1949,30,27,0,6
1949,32,29,0,6
1951,134,17,0,6
1951,136,26,0,6
1951,138,16,0,6
1951,294,30,0,6
1951,140,15,0,6
1951,142,5,0,6
1951,298,25,0,6
1951,144,15,0,6
1951,146,12,0,6
1951,302,15,0,6
1951,148,28,0,6
1951,150,17,0,6
1951,152,17,0,6
1951,154,21,0,6
1951,156,24,0,6
1951,312,25,0,6
1951,158,9,0,6
1951,314,9,0,6
1951,160,10,0,6
1951,163,14,0,6
1951,165,11,0,6
1951,169,17,0,6
1951,171,15,0,6
1951,175,40,0,6
1951,177,19,0,6
1951,331,18,0,6
1951,179,24,0,6
1951,181,7,0,6
1951,183,18,0,6
1951,185,27,0,6
1951,339,18,0,6
1951,191,13,0,6
1951,194,5,0,6
1951,348,14,0,6
1951,196,14,0,6
1951,350,21,0,6
1951,198,6,0,6
1951,200,21,0,6
1951,202,12,0,6
1951,204,6,0,6
1951,206,22,0,6
1951,208,12,0,6
1951,210,26,0,6
1951,212,8,0,6
1951,214,7,0,6
1951,216,24,0,6
1951,370,23,0,6
1951,218,10,0,6
1951,220,29,0,6
1951,222,14,0,6
1951,226,13,0,6
1951,228,31,0,6
1951,236,23,0,6
1951,238,29,0,6
1951,242,17,0,6
1951,252,16,0,6
1951,254,14,0,6
1951,260,32,0,6
1951,272,16,0,6
1951,274,17,0,6
1951,284,9,0,6
1952,229,30,0,6
1952,232,16,0,6
1952,240,12,0,6
1952,242,14,0,6
1952,243,18,0,6
1952,244,20,0,6
1952,248,13,0,6
1952,255,10,0,6
1952,104,23,0,6
1952,123,21,0,6
1952,278,28,0,6
1952,125,31,0,6
1952,127,27,0,6
1952,141,20,0,6
1952,150,24,0,6
1952,157,22,0,6
1952,159,14,0,6
1952,161,20,0,6
1952,163,19,0,6
1953,32,15,0,6
1952,165,24,0,6
1952,167,19,0,6
1953,36,26,0,6
1952,169,14,0,6
1952,171,38,0,6
1953,42,21,0,6
1952,184,26,0,6
1952,191,20,0,6
1953,59,26,0,6
1952,193,27,0,6
1953,61,21,0,6
1952,195,18,0,6
1952,218,13,0,6
1952,220,26,0,6
1953,89,27,0,6
1952,222,16,0,6
1961,1,19,0,6
1953,109,18,0,6
1953,116,28,0,6
1953,118,22,0,6
1953,122,20,0,6
1953,126,22,0,6
1961,46,15,0,6
1961,50,9,0,6
1961,51,25,0,6
1961,54,12,0,6
1961,57,14,0,6
1954,15,11,0,6
1954,24,8,0,6
1961,75,11,0,6
1961,78,22,0,6
1961,81,14,0,6
1954,37,25,0,6
1964,2,29,0,6
1954,39,10,0,6
1954,41,18,0,6
1954,43,19,0,6
1964,9,21,0,6
1954,45,26,0,6
1964,12,20,0,6
1954,47,17,0,6
1954,50,29,0,6
1954,52,6,0,6
1964,18,18,0,6
1954,54,1,0,6
1954,56,29,0,6
1954,58,6,0,6
1954,60,4,0,6
1954,62,25,0,6
1964,28,15,0,6
1954,64,0,0,6
1964,30,22,0,6
1954,66,14,0,6
1954,68,20,0,6
1954,70,2,0,6
1954,72,27,0,6
1964,38,21,0,6
1954,74,10,0,6
1954,76,21,0,6
1954,78,24,0,6
1954,80,24,0,6
1954,82,17,0,6
1954,84,19,0,6
1954,86,6,0,6
1964,54,10,0,6
1954,89,16,0,6
1954,91,7,0,6
1965,1,19,0,6
1954,115,6,0,6
1965,36,15,0,6
1967,5,0,0,6
1967,16,16,0,6
1967,24,17,0,6
1967,26,19,0,6
1967,27,29,0,6
1967,32,10,0,6
1967,35,12,0,6
1967,39,18,0,6
1967,42,8,0,6
1982,12,9,0,6
1967,46,10,0,6
1982,14,13,0,6
1982,18,11,0,6
1967,55,28,0,6
1982,23,16,0,6
1967,62,14,0,6
1967,68,21,0,6
1967,69,5,0,6
1982,32,27,0,6
1982,33,17,0,6
1967,74,21,0,6
1982,38,19,0,6
1982,39,10,0,6
1982,47,10,0,6
1967,90,16,0,6
1967,91,12,0,6
1982,49,14,0,6
1982,50,11,0,6
1967,95,7,0,6
2122,118,31,0,6
2122,322,21,0,6
2122,126,15,0,6
2123,11,16,0,6
2122,149,21,0,6
2122,150,31,0,6
2122,154,32,0,6
2123,38,27,0,6
2123,40,14,0,6
2124,1,16,0,6
2122,168,10,0,6
2124,7,14,0,6
2122,174,21,0,6
2122,175,23,0,6
2124,11,17,0,6
2122,179,8,0,6
2122,188,18,0,6
2124,24,24,0,6
2122,196,29,0,6
2124,31,21,0,6
2122,200,27,0,6
2122,204,14,0,6
2124,46,16,0,6
2124,52,18,0,6
2125,14,29,0,6
2124,68,18,0,6
2125,34,20,0,6
2126,7,12,0,6
2126,21,18,0,6
2126,22,12,0,6
2124,98,25,0,6
2126,37,22,0,6
2127,8,20,0,6
2127,14,14,0,6
2127,21,17,0,6
2124,121,13,0,6
2127,29,24,0,6
2127,33,14,0,6
2124,133,15,0,6
2124,136,12,0,6
2127,41,16,0,6
2124,140,20,0,6
2124,147,7,0,6
2127,64,28,0,6
2124,160,11,0,6
2124,167,6,0,6
2127,77,22,0,6
2124,170,20,0,6
2127,84,28,0,6
2127,86,25,0,6
2124,181,25,0,6
2124,185,16,0,6
2128,1,22,0,6
2124,191,13,0,6
2128,12,31,0,6
2128,16,20,0,6
2128,19,17,0,6
2132,6,19,0,6
2133,7,28,0,6
2129,13,19,0,6
2129,17,21,0,6
2129,37,19,0,6
2129,41,15,0,6
2129,45,17,0,6
2129,49,20,0,6
2129,63,13,0,6
2129,69,38,0,6
2129,73,14,0,6
2131,3,20,0,6
2131,19,15,0,6
2131,21,12,0,6
2131,26,29,0,6
2140,98,32,0,6
2140,101,22,0,6
2139,23,19,0,6
2141,8,15,0,6
2139,28,18,0,6
2141,22,15,0,6
2139,38,18,0,6
2141,29,30,0,6
2141,36,20,0,6
2139,47,21,0,6
2141,41,16,0,6
2143,2,27,0,6
2143,3,27,0,6
2139,63,22,0,6
2143,23,21,0,6
2140,2,7,0,6
2143,29,23,0,6
2140,11,12,0,6
2143,38,32,0,6
2143,39,19,0,6
2140,16,11,0,6
2140,20,19,0,6
2140,39,17,0,6
2143,74,21,0,6
2143,77,18,0,6
2143,78,30,0,6
2140,46,7,0,6
2143,89,23,0,6
2140,58,22,0,6
2140,60,22,0,6
2143,103,25,0,6
2140,65,5,0,6
2143,113,18,0,6
2140,71,10,0,6
2143,116,16,0,6
2143,117,19,0,6
2140,81,22,0,6
2140,88,15,0,6
2140,90,16,0,6
2143,142,16,0,6
2143,143,16,0,6
2140,96,3,0,6
2146,62,16,0,6
2143,161,15,0,6
2143,170,35,0,6
2143,171,12,0,6
2143,172,15,0,6
2143,175,17,0,6
2147,1,18,0,6
2147,5,26,0,6
2147,6,16,0,6
2145,17,13,0,6
2147,19,19,0,6
2145,20,26,0,6
2147,24,19,0,6
2145,35,13,0,6
2147,41,13,0,6
2147,45,27,0,6
2147,75,14,0,6
2145,83,13,0,6
2145,90,15,0,6
2145,92,0,0,6
2145,94,19,0,6
2147,118,13,0,6
2148,4,33,0,6
2148,5,26,0,6
2148,8,16,0,6
2146,18,19,0,6
2146,19,28,0,6
2146,27,21,0,6
2146,34,29,0,6
2148,23,28,0,6
2146,42,30,0,6
2146,49,28,0,6
2148,30,25,0,6
2148,31,29,0,6
2146,53,23,0,6
2148,40,15,0,6
2154,23,21,0,6
2148,45,19,0,6
2148,55,31,0,6
2154,46,17,0,6
2148,62,25,0,6
2156,13,28,0,6
2156,17,13,0,6
2156,21,31,0,6
2156,26,13,0,6
2156,27,18,0,6
2151,24,29,0,6
2156,40,21,0,6
2151,44,42,0,6
2151,55,47,0,6
2156,68,31,0,6
2151,63,40,0,6
2151,64,39,0,6
2156,78,28,0,6
2156,80,15,0,6
2152,1,11,0,6
2152,3,17,0,6
2152,4,15,0,6
2156,95,27,0,6
2156,97,18,0,6
2152,15,12,0,6
2156,102,23,0,6
2156,109,8,0,6
2152,29,8,0,6
2152,31,15,0,6
2156,112,23,0,6
2156,113,31,0,6
2156,114,32,0,6
2152,35,10,0,6
2152,37,21,0,6
2156,118,17,0,6
2156,125,30,0,6
2156,126,14,0,6
2152,52,16,0,6
2152,53,23,0,6
2152,54,0,0,6
2156,132,36,0,6
2156,134,32,0,6
2156,137,17,0,6
2154,4,20,0,6
2156,150,9,0,6
2156,154,28,0,6
2161,54,29,0,6
2161,55,28,0,6
2157,3,27,0,6
2161,65,11,0,6
2161,67,31,0,6
2161,69,36,0,6
2161,70,20,0,6
2157,26,29,0,6
2157,33,43,0,6
2157,37,27,0,6
2161,104,13,0,6
2161,109,29,0,6
2161,110,23,0,6
2161,114,18,0,6
2161,115,15,0,6
2161,120,19,0,6
2161,132,20,0,6
2161,134,28,0,6
2157,62,29,0,6
2161,144,30,0,6
2157,70,32,0,6
2161,149,26,0,6
2161,154,25,0,6
2161,155,21,0,6
2160,1,23,0,6
2161,169,23,0,6
2161,170,32,0,6
2161,171,24,0,6
2161,182,12,0,6
2161,184,34,0,6
2161,187,30,0,6
2161,188,38,0,6
2161,190,22,0,6
2161,192,22,0,6
2161,199,24,0,6
2161,207,25,0,6
2161,209,17,0,6
2161,217,24,0,6
2161,225,22,0,6
2161,226,13,0,6
2161,227,32,0,6
2161,229,27,0,6
2161,230,38,0,6
2161,232,20,0,6
2161,233,19,0,6
2161,243,25,0,6
2161,253,30,0,6
2166,44,16,0,6
2161,258,40,0,6
2166,47,19,0,6
2166,48,17,0,6
2166,50,12,0,6
2166,51,31,0,6
2166,53,14,0,6
2161,269,25,0,6
2161,270,20,0,6
2166,57,19,0,6
2166,58,13,0,6
2166,60,16,0,6
2161,275,16,0,6
2161,276,16,0,6
2161,280,10,0,6
2161,285,27,0,6
2161,286,18,0,6
2161,289,29,0,6
2161,294,28,0,6
2161,295,23,0,6
2166,81,15,0,6
2166,82,19,0,6

